Date;Temperature;Rainfall
01.05.2005;19.2;0
02.05.2005;22;0
03.05.2005;17.4;4.3
04.05.2005;14;0.3
05.05.2005;11.3;0.8
06.05.2005;8.7;7.1
07.05.2005;7.4;9.4
08.05.2005;7.6;1.2
09.05.2005;6.5;4.2
10.05.2005;6.4;4.5
11.05.2005;6.5;3.1
12.05.2005;7.5;0
13.05.2005;11;0
14.05.2005;11.6;19.5
15.05.2005;9.6;2.3
16.05.2005;11.9;1.8
17.05.2005;7.5;2.2
18.05.2005;9.1;0
19.05.2005;10.4;0
20.05.2005;14;0
21.05.2005;17;6.4
22.05.2005;16.9;0.2
23.05.2005;15.8;1.2
24.05.2005;15.1;0
25.05.2005;18.3;0
26.05.2005;21.2;0
27.05.2005;23.9;0
28.05.2005;25.6;0
29.05.2005;21.3;12.4
30.05.1805;14.2;1.3
31.05.2005;11;1.8
01.06.2005;9.6;0
02.06.2005;12;0.1
03.06.2005;19.8;0
04.06.2005;17.9;0
05.06.2005;13.6;5.2
06.06.2005;10.9;1.9
07.06.2005;9.3;4.1
08.06.2005;11.3;0
09.06.2005;13.1;1.4
10.06.2005;11.9;5
11.06.2005;9.9;0.3
12.06.2005;10.3;0.2
13.06.2005;13.2;0.2
14.06.2005;18.4;0
15.06.2005;20;0
16.06.2005;20.8;0
17.06.2005;19.2;0.4
18.06.2005;16.9;0
19.06.2005;18.5;0
20.06.2005;19.7;0
21.06.2005;22.8;3.6
22.06.2005;18;0
23.06.2005;20.1;0
24.06.2005;23.5;0
25.06.2005;22.4;3.7
26.06.2005;18.6;0
27.06.2005;18.3;0
28.06.2005;17.6;0
29.06.2005;19.1;0
30.06.2005;18.9;0
01.07.2005;16.7;5.6
02.07.2005;18.2;0
03.07.2005;21.2;0
04.07.2005;23.2;5
05.07.2005;13.4;18.3
06.07.2005;12.7;3.9
07.07.2005;14.8;6.1
08.07.2005;14.3;10.1
09.07.2005;17;0
10.07.2005;21.1;0
11.07.2005;21.4;0
12.07.2005;23;0
13.07.2005;23.2;0
14.07.2005;22.2;0
15.07.2005;22.3;1.3
16.07.2005;18.6;0
17.07.2005;17.1;0
18.07.2005;20.7;0
19.07.2005;20;0
20.07.2005;16.4;3.5
21.07.2005;13;37.3
22.07.2005;15.7;3.9
23.07.2005;13.7;0
24.07.2005;17.1;0
25.07.2005;18.8;14.7
26.07.2005;17.4;5.3
27.07.2005;18;4.8
28.07.2005;22.6;1
29.07.2005;23.5;24.9
30.07.2005;21.2;2.8
31.07.2005;19.7;0
01.08.2005;16.5;0
02.08.2005;16.8;0
03.08.2005;15.6;6.1
04.08.2005;15.7;0
05.08.2005;15.9;9.4
06.08.2005;13.7;5.1
07.08.2005;12.3;2.2
08.08.2005;13.4;0.7
09.08.2005;12.8;1.3
10.08.2005;13.1;3.9
11.08.2005;14.8;0
12.08.2005;16.2;8
13.08.2005;13.8;0
14.08.2005;14.7;1.7
15.08.2005;17.5;0
16.08.2005;16.3;0
17.08.2005;16.1;0
18.08.2005;18.9;0
19.08.2005;20.6;0
20.08.2005;21.1;9.3
21.08.2005;20.8;0
22.08.2005;19.7;0.3
23.08.2005;16.3;6.7
29.08.2005;20.1;0
30.08.2005;19;0
31.08.2005;19.2;0
01.09.2005;20.1;0
02.09.2005;18.8;0
03.09.2005;17.8;0
04.09.2005;17.4;0
05.09.2005;18.7;0
06.09.2005;19;0
07.09.2005;20.3;0
08.09.2005;21.6;0
09.09.2005;21.5;0
10.09.2005;20.8;5.3
11.09.2005;17.4;3.3
12.09.2005;16.7;0.1
13.09.2005;14.4;0
14.09.2055;14.9;0.2
15.09.2005;16.1;15.8
16.09.2005;11.3;5
17.09.2005;10.5;0
18.09.2005;10.8;0
19.09.2005;12.2;0
20.09.2005;13;0
21.09.2005;13.7;0
22.09.2005;13.8;0
23.09.2005;14.3;0
24.09.2005;16.2;0
25.09.2005;16.6;0
26.09.2005;14.7;4
27.09.2005;14.6;0.7
28.09.2005;12.6;3
29.09.2005;10.4;8
30.09.2005;10.6;0
01.10.2005;10;8.9
02.10.2005;11.3;0
03.10.2005;12.3;0
04.10.2005;14.1;0
05.10.2005;14.1;0
06.10.2005;13.9;0
07.10.2005;13.1;0
08.10.2005;13.6;0
09.10.2005;13.5;0
10.10.2005;12;0
11.10.2005;12.4;0
12.10.2005;12;0
13.10.2005;10.6;0
14.10.2005;10.8;0
15.10.2005;9.5;0
16.10.2005;6.7;0
17.10.2005;9.5;0
18.10.2005;7.3;0
19.10.2005;6.1;0
20.10.2005;9.7;0.1
21.10.2005;11.8;1.2
22.10.2005;12.9;11.8
23.10.2005;11.5;4.5
24.10.2005;9.3;4.7
25.10.2005;12.9;3.9
26.10.2005;12.4;0
27.10.2005;12.1;0
28.10.2005;12;0
29.10.2005;9.2;0
30.10.2005;9.8;0
31.10.2005;7.5;0
01.11.2005;8.2;0.1
02.11.2005;9.5;0
03.11.2005;12.2;0.5
04.11.2005;11.8;4.7
05.11.2005;8.7;3.9
06.11.2005;6.2;0
07.11.2005;6.6;0
08.11.2005;8.9;0
09.11.2005;7;0
10.11.2005;7.6;0.1
11.11.2005;9.7;0.1
12.11.2005;8.1;0
13.11.2005;5.9;0
14.11.2005;6.2;0
15.11.2005;4.8;5.2
16.11.2005;3.9;4.8
17.11.2005;1.4;0.5
18.11.2005;0.7;0
19.11.2005;-0.1;0.3
20.11.2005;2.3;1.6
21.11.2005;1.3;1.5
22.11.2005;1.6;0
23.11.2005;3.7;1
24.11.2005;1.6;0
25.11.2005;-1.2;2
26.11.2005;-0.9;0
27.11.2005;-1.5;0
28.11.2005;-1.2;1
29.11.2005;-0.5;0
30.11.2005;1.4;0
01.12.2005;-0.5;0
02.12.2005;-1.8;0
03.12.2005;-1.4;0.3
04.12.2005;2.3;2.1
05.12.2005;4.7;0
06.12.2005;2.5;0
07.12.2005;1;0.8
08.12.2005;2.2;0.3
09.12.2005;1.6;0
10.12.2005;-1;0
11.12.2005;1.4;0.4
12.12.2005;3.7;0
13.12.2005;2;0.5
14.12.2005;4.4;0.5
15.12.2005;5.3;8.7
16.12.2005;2.5;10
17.12.2005;-0.4;0.5
18.12.2005;-0.4;1.1
19.12.2005;0.6;3
20.12.2005;3.6;2.3
21.12.2005;1.5;2.3
22.12.2005;4.5;0.9
23.12.2005;4.5;4.6
24.12.2005;6.2;1.7
25.12.2005;0.8;0.3
26.12.2005;-0.9;5.2
27.12.2005;-2.3;0.5
28.12.2005;-4.1;1.9
29.12.2005;-3.5;7.5
30.12.2005;-5.1;0
31.12.2005;-3.6;0.5
01.01.2006;1.9;0
02.01.2006;0.9;0
03.01.2006;0.3;0
04.01.2006;-0.3;0
05.01.2006;0.2;0
06.01.2006;-1.4;0
07.01.2006;-2.1;0
08.01.2006;-5.8;0
09.01.2006;-7.3;0
10.01.2006;-5.3;0
11.01.2006;-1.4;1.4
12.01.2006;2;0
13.01.2006;0;0
14.01.2006;-2.5;0
15.01.2006;-5.5;0
16.01.2006;-6.1;0
17.01.2006;-3.5;5.7
18.01.2006;-2.1;0.8
19.01.2006;-3.2;3.1
20.01.2006;-1;6.2
21.01.2006;1;2.7
22.01.2006;-11;0
23.01.2006;-15.5;0
24.01.2006;-12.5;0
25.01.2006;-5.6;0
26.01.2006;-6.9;0
27.01.2006;-8.6;0
28.01.2006;-7.9;0
29.01.2006;-5.2;0
30.01.2006;-3.1;0
31.01.2006;-0.3;0
01.02.2006;-2.6;0
02.02.2006;-2.1;0.1
03.02.2006;-0.5;0.3
04.02.2006;-2;1.9
05.02.2006;-6.5;0
06.02.2006;-5.8;8.3
07.02.2006;2.8;6.1
08.02.2006;2.6;3.3
09.02.2006;1.3;10.5
10.02.2006;0;0.6
11.02.2006;-0.3;0.4
12.02.2006;-0.5;0
13.02.2006;-0.2;0
14.02.2006;-1.9;0
15.02.2006;1.1;3
16.02.2006;2.7;1
17.02.2006;3.1;3.5
18.02.2006;4.5;0
19.02.2006;3.4;0
20.02.2006;1;3.7
21.02.2006;1.2;0
22.02.2006;0.1;0
23.02.2006;-1.4;0
24.02.2006;-0.8;0
25.02.2006;-2.2;0
26.02.2006;-1.9;0.8
27.02.2006;-3.3;0
28.02.2006;-1.3;0.2
01.03.2006;0;1.2
02.03.2006;-0.6;0
03.03.2006;-0.7;0
04.03.2006;-1.3;0
05.03.2006;-0.4;2.2
06.03.2006;-2.5;1.6
07.03.2006;-0.8;0
08.03.2006;-1.5;0.1
09.03.2006;-0.9;2.6
10.03.2006;-0.3;6.9
11.03.2006;-2.8;3.7
12.03.2006;-3.5;0.2
13.03.2006;-4.6;0
14.03.2006;-3.7;0
15.03.2006;-1.4;0
16.03.2006;1.3;0
17.03.2006;1;0
18.03.2006;-0.9;0
19.03.2006;-0.2;0
20.03.2006;2;0
21.03.2006;0.7;0
22.03.2006;0.1;0
23.03.2006;0.7;0
24.03.2006;2.5;1.3
25.03.2006;2.8;2.2
26.03.2006;7.7;9.3
27.03.2006;12.3;1.3
28.03.2006;10.6;0.9
29.03.2006;7.6;0.8
30.03.2006;7.5;4.6
31.03.2006;10.9;3.5
01.04.2006;10.3;0.1
02.04.2006;9.6;2.9
03.04.2006;6.6;1.8
04.04.2006;3.5;2.2
05.04.2006;3.5;0
06.04.2006;4.2;0
07.04.2006;7.1;0
08.04.2006;9.3;0
09.04.2006;7;0
10.04.2006;5.1;0
11.04.2006;3.8;0
12.04.2006;4.9;0.8
13.04.2006;7;3.3
14.04.2006;7.5;0.1
15.04.2006;8.7;1.9
16.04.2006;10.6;6
17.04.2006;9.1;2.8
18.04.2006;9.4;0.1
19.04.2006;10.5;0
20.04.2006;12.8;0
21.04.2006;14.1;0.3
22.04.2006;11.1;16.3
23.04.2006;10.3;0.1
24.04.2006;10.5;0
25.04.2006;14.3;0
26.04.2006;15.8;7.1
27.04.2006;12.7;0.9
28.04.2006;10.1;0.1
29.04.2006;6.2;4.2
30.04.2006;6.8;0
01.05.2006;9.9;0.3
02.05.2006;12.7;0
03.05.2006;16.1;0
04.05.2006;17.4;0
05.05.2006;16.8;0
06.05.2006;16.3;0
07.05.2006;17.5;0
08.05.2006;17.6;0
09.05.2006;17.7;0
10.05.2006;16.2;0
11.05.2006;16.3;0
12.05.2006;18.8;0
13.05.2006;16;0
14.05.2006;12.1;0
15.05.2006;12.1;0
16.05.2006;17.6;0
17.05.2006;13.8;0
18.05.2006;13.6;10
19.05.2006;13.4;3.5
20.05.2006;12.8;4.6
21.05.2006;12.7;0.2
22.05.2006;16.2;4.3
23.05.2006;13.2;1.1
24.05.2006;11.8;0.6
25.05.2006;10.7;3.4
29.05.2006;11.2;0.3
30.05.2006;9.5;1.1
31.05.2006;10.1;10.7
01.06.2006;9.6;0
02.06.2006;12.4;0
03.06.2006;11;4
04.06.2006;11;0
05.06.2006;10.5;0
06.06.2006;12;8.4
07.06.2006;14.3;0
08.06.2006;16.4;0
09.06.2006;17.7;0
10.06.2006;18.3;0
11.06.2006;20;0
12.06.2006;22.6;0
13.06.2006;23.8;0
14.06.2006;24.1;0
15.06.2006;21.9;1.3
16.06.2006;20.5;11.5
17.06.2006;15.4;0
18.06.2006;18.6;0
19.06.2006;21.1;7.6
20.06.2006;22.4;0
21.06.2006;22.7;0
22.06.2006;19.8;0
23.06.2006;16.7;0
24.06.2006;20.4;0
25.06.2006;24.3;3.3
26.06.2006;23;0
27.06.2006;21.2;0
28.06.2006;17.3;0
29.06.2006;17.8;0
30.06.2006;16.2;0
01.07.2006;20.8;0
02.07.2006;22.2;0
03.07.2006;22.6;0
04.07.2006;23.5;0
05.07.2006;25.4;0
06.07.2006;25;0.5
07.07.2006;23.3;50.1
08.07.2006;19.8;5.4
09.07.2006;22.6;0
10.07.2006;23;0
11.07.2006;24.7;0
12.07.2006;23.4;0
13.07.2006;24.1;11.4
14.07.2006;19.7;0
15.07.2006;18.9;0
16.07.2006;19.6;0
17.07.2006;21.7;0
18.07.2006;24.8;0
19.07.2006;25.7;0
20.07.2006;28.4;0
21.07.2006;26.6;0
22.07.2006;24.7;0
23.07.2006;25;0
24.07.2006;24.4;0
25.07.2006;24.6;0
26.07.2076;26.1;0
27.07.2006;27.6;0.2
28.07.2006;24.6;17.1
29.07.2006;21.7;0
30.07.2006;23.9;0.3
31.07.2006;22;0
01.08.2006;20.7;0.2
02.08.2006;18;0.1
03.08.2006;17.4;0
04.08.2006;18.2;0
05.08.2006;17.1;19.2
06.08.2006;18.4;3.7
07.08.2006;20.1;0
08.08.2006;19.4;0
09.08.2006;17.4;0
10.08.2006;15.6;6.4
11.08.2006;15.3;0
12.08.2006;16.4;1.4
13.08.2006;14.1;3.9
14.08.2006;16.3;1.7
15.08.2006;16;4.3
16.08.2006;17.7;0.7
17.08.2006;19.8;0
18.08.2006;19.5;0
19.08.2006;20.9;4.1
20.08.2006;17.8;4.4
21.08.2006;16.5;0.3
22.08.2006;15.7;1.5
23.08.2006;16.1;0.4
24.08.2006;17.6;1.9
31.08.2006;15.7;0
01.09.2006;17.8;0.8
02.09.2006;20.4;0.4
03.09.2006;18.8;3.7
04.09.2006;18.1;0
05.09.2006;16.7;0
06.09.2006;19.4;0.1
07.09.2006;18.9;0.2
08.09.2006;15.1;0
09.09.2006;13.7;0
10.09.2006;16.1;0
11.09.2006;17.7;0
12.09.2006;18;0
13.09.2006;18.1;0
14.09.2006;18.4;0
15.09.2006;20.4;0
16.09.2006;20.6;0
17.09.2006;19.9;0
18.09.2006;19.5;0
19.09.2006;17.4;0
20.09.2006;16;0
21.09.2006;16.5;0
22.09.2006;18.4;0
23.09.2006;17.6;0
24.09.2006;19.1;0
25.09.2006;18.9;0
26.09.2006;18.3;0.1
27.09.2006;15.5;1.9
28.09.2006;15.8;0.1
29.09.2006;17.6;0
30.09.2006;18;0.1
01.10.2006;15.9;3.2
02.10.2006;15.8;0
03.10.2006;13.8;0.2
04.10.2006;13.4;0
05.10.2006;12.3;0.3
06.10.2006;13.2;0.7
07.10.2006;13.2;3.2
08.10.2006;12.2;0
09.10.2006;13.1;0
10.10.2006;12.5;0
11.10.2006;12.9;0
12.10.2006;12;0
13.10.2006;12.4;0
14.10.2006;10.6;0.1
15.10.2006;9.7;0
16.10.2006;10.1;0
17.10.2006;7.4;0
18.10.2006;9;0
19.10.2006;10.4;0
20.10.2006;10.9;1.8
21.10.2006;13.6;0
22.10.2006;13.7;0.3
23.10.2006;15.4;1
24.10.2006;15.7;0.3
25.10.2006;12.1;0.1
26.10.2006;15.1;0
27.10.2006;15.3;0.9
28.10.2006;10.7;5
29.10.2006;11.7;5
30.10.2006;7.4;0.3
31.10.2006;11.3;1.4
01.11.2006;4.5;2.2
02.11.2006;0.5;0
03.11.2006;0.4;0
04.11.2006;5;1
05.11.2006;9.6;3.7
06.11.2006;10.9;0
07.11.2006;7.8;0
08.11.2006;6.4;0.5
09.11.2006;8.5;1
10.11.2006;5.6;0
11.11.2006;5.8;3.7
12.11.2006;6.3;0
13.11.2006;6.6;5.6
14.11.2006;9.7;0.6
15.11.2006;11.7;0
16.11.2006;12;0
17.11.2006;11.4;0.8
18.11.2006;10.6;0
19.11.2006;8.4;2.4
20.11.2006;5.9;1
21.11.2006;7.1;0.3
22.11.2006;4.5;0
23.11.2006;5.5;7.1
24.11.2006;9.9;0
25.11.2006;10.3;0
26.11.2006;11;0
27.11.2006;7.3;0
28.11.2006;6.1;0
29.11.2006;6.7;0.9
30.11.2006;5.7;0
01.12.2006;3.8;0
02.12.2006;4.5;0
03.12.2006;7.1;3
04.12.2006;7.7;1.4
05.12.2006;11.7;0.2
06.12.2006;10.6;0.5
07.12.2006;7.5;0.8
08.12.2006;9.8;0
09.12.2006;7.9;0
10.12.2006;3.5;0
11.12.2006;2.9;9.7
12.12.2006;5;3
13.12.2006;6.5;0.1
14.12.2006;8.4;0
15.12.2006;5.5;0
16.12.2006;6.6;1.5
17.12.2006;4.2;0.1
18.12.2006;3.1;0
19.12.2006;2.8;0
20.12.2006;4.5;1.1
21.12.2006;5.8;0
22.12.2006;5.5;0
23.12.2006;4.3;0.1
24.12.2006;3.2;0.9
25.12.2006;4.9;0.1
26.12.2006;1.1;0
27.12.2006;-0.8;0
28.12.2006;-0.3;4
29.12.2006;1.9;0.1
30.12.2006;3;4.1
31.12.2006;8.2;1.2
01.01.2007;7.7;1.5
02.01.2007;4.2;2.1
03.01.2007;5;2
04.01.2007;6.5;0.7
05.01.2007;6.9;1.8
06.01.2007;7.4;7.3
07.01.2007;5.9;0.1
08.01.2007;6.7;0.8
09.01.2007;10.6;0.8
10.01.2007;11.5;1.3
11.01.2007;6.3;3.2
12.01.2007;7.6;2.7
13.01.2007;11;0.6
14.01.2007;7.7;0
15.01.2007;3.4;0
16.01.2007;3.6;1.6
17.01.2007;7.1;3.5
18.01.2007;8.4;36.7
19.01.2007;6.6;2.8
20.01.2007;8.5;1.4
21.01.2007;5.1;0.7
22.01.2007;2.2;0
23.01.2007;-4;0
24.01.2007;-3;0.1
25.01.2007;-2.9;0
26.01.2007;-4.2;1.7
27.01.2007;0.2;0.3
28.01.2007;3.3;3
29.01.2007;4.5;0.9
30.01.2007;5.1;1.3
31.01.2007;6.3;0.6
01.02.2007;5.3;0.2
02.02.2007;6.4;3
03.02.2007;5.9;0
04.02.2007;5.2;0
05.02.2007;2.3;0.1
06.02.2007;1.1;0.3
07.02.2007;0;4.3
08.02.2007;-0.1;2.2
09.02.2007;0.8;0.7
10.02.2007;-2.8;0
11.02.2007;-2.2;3.5
12.02.2007;5;2.4
13.02.2007;6.1;1.4
14.02.2007;6.8;6.3
15.02.2007;4.3;2.1
16.02.2007;3.6;0
17.02.2007;4.2;0
18.02.2007;4.1;0
19.02.2007;3.8;0
20.02.2007;3.6;0
21.02.2007;5;4.7
22.02.2007;5.9;0
23.02.2007;-0.8;0
24.02.2007;2.4;0
25.02.2007;6.9;1.2
26.02.2007;5.7;3.4
27.02.2007;3.8;7.1
28.02.2007;7.2;6.8
01.03.2007;7.1;3.6
02.03.2007;5.6;3.7
03.03.2007;2.9;2.1
04.03.2007;5;0
05.03.2007;5.4;0
06.03.2007;7.8;0.1
07.03.2007;9.7;0
08.03.2007;6;0
09.03.2007;7.3;3.5
10.03.2007;6.1;0
11.03.2007;9.1;0
12.03.2007;11.4;0
13.03.2007;12;0
14.03.2007;7.3;0
15.03.2007;7.5;0
16.03.2007;7.8;0.8
17.03.2007;7.7;3.5
18.03.2007;7;3.3
19.03.2007;2.9;0.1
20.03.2007;2;0.4
21.03.2007;1.9;12.3
22.03.2007;1.2;15.6
23.03.2007;5.6;4.2
24.03.2007;10.7;0
25.03.2007;10.4;0
26.03.2007;10.1;0
27.03.2007;10.2;0
28.03.2007;10.7;0
29.03.2007;10;0
30.03.2007;8.6;0
31.03.2007;11.1;0
01.04.2007;11.4;0
02.04.2007;12;0
03.04.2007;5.9;0
04.04.2007;5.7;0
05.04.2007;6.9;0
06.04.2007;8.8;0
07.04.2007;7.7;0
08.04.2007;8.9;0
09.04.2007;10.8;0
10.04.2007;11.2;0
11.04.2007;11.8;0
12.04.2007;13.3;0
13.04.2007;15.6;0
14.04.2007;16.5;0
15.04.2007;16;0
16.04.2007;17.4;0
17.04.2007;14.1;0.3
18.04.2007;8.7;0
19.04.2007;10.6;0
20.04.2007;6.8;0
21.04.2007;6.9;0
22.04.2007;10.7;0
23.04.2007;15.5;0
24.04.2007;16.1;0
25.04.2007;17.4;0
26.04.2007;17.6;0
27.04.2007;19.5;0
28.04.2007;18.4;0
29.04.2007;10.6;0
30.04.2007;10.2;0
01.05.2007;9.4;0
02.05.2007;13.1;0
03.05.2007;14.3;0
04.05.2007;14.7;0
05.05.2007;16.4;0
06.05.2007;17.4;0.3
07.05.2007;12.8;23.3
08.05.2007;10.7;17.5
09.05.2007;11.9;5
10.05.2007;13.2;4.2
11.05.2007;12.6;5.5
12.05.2007;11;8.2
13.05.2007;15.4;4.3
14.05.2007;17.3;15.5
15.05.2007;11.1;8.1
16.05.2007;12.1;6
17.05.2007;10.4;0
18.05.2007;12.4;0
19.05.2007;17.3;0
20.05.2007;21.1;0
21.05.2007;23.5;0
22.05.2007;22.1;0
23.05.2007;17.6;0
24.05.2007;19.8;0
25.05.2007;22.7;18.2
26.05.2007;19.2;5.2
27.05.2007;18.4;3.9
28.05.2007;17.3;21.8
29.05.2007;17.6;5.9
30.05.2007;12.9;0
31.05.2007;14.9;0
01.06.2007;17.3;0
02.06.2007;16.8;0
03.06.2007;15.5;0.1
04.06.2007;16.2;0.3
05.06.2007;16.9;0
06.06.2007;20.2;0
07.06.2007;22.5;0.1
08.06.2007;23.9;0
09.06.2007;23.8;0
10.06.2007;22.7;0
11.06.2007;23.7;0
12.06.2007;22.1;9.8
13.06.2007;19.7;0
14.06.2007;22.4;0.9
15.06.2007;21.9;27.9
16.06.2007;17.8;1.8
17.06.2007;18.9;0.5
18.06.2007;17.7;1.2
19.06.2007;19.5;0
20.06.2007;21.8;1.9
21.06.2007;17.9;33.5
22.06.2007;17.1;0.7
23.06.2007;15.6;11.8
24.06.2007;18.2;0.2
25.06.2007;19.6;7.6
26.06.2007;14.9;7.6
27.06.2007;13;0.2
28.06.2007;14.2;2.9
29.06.2007;15.3;0.5
30.06.2007;16.1;0.5
01.07.2007;18.5;0
02.07.2007;18.2;3.3
03.07.2007;16.6;0.7
04.07.2007;14.5;6.7
05.07.2007;14.6;6.9
06.07.2007;16;0.8
07.07.2007;15.5;7.3
08.07.2007;16.9;0.5
09.07.2007;15;10.4
10.07.2007;13.6;1.7
11.07.2007;13.4;10.6
12.07.2007;14.4;3.6
13.07.2007;17.8;0.1
14.07.2007;23.3;0
15.07.2007;25.9;0
16.07.2007;28.7;1.4
17.07.2007;23.9;0
18.07.2007;22.6;0
19.07.2007;21.5;0
20.07.2007;21.9;0
21.07.2007;21.2;4.6
22.07.2007;16.2;12.8
23.07.2007;18.2;0
24.07.2007;17.7;2.2
25.07.2007;16.6;0
26.07.2007;20.5;0
27.07.2007;19.6;0.8
28.07.2007;16.3;10.3
29.07.2007;14.1;10.2
30.07.2007;13.3;0.8
31.07.2007;14.3;0
01.08.2007;15.6;0
02.08.2007;17.6;0.4
03.08.2007;16.6;0
04.08.2007;17.3;0
05.08.2007;20.1;0
06.08.2007;20.4;0
07.08.2007;22.2;0
08.08.2007;20.6;21.4
09.08.2007;22.6;0
10.08.2007;20.4;0
11.08.2007;18.6;0.3
12.08.2007;15.8;0.5
13.08.2007;18;0.3
14.08.2007;19.2;0.3
15.08.2007;21.7;6.9
16.08.2007;19.8;0.2
17.08.2007;15.7;0
18.08.2007;16;0
19.08.2007;18.7;0
20.08.2007;20.5;20.1
21.08.2007;18.3;4.4
22.08.2007;18.5;0.6
23.08.2007;20.2;20.5
24.08.2007;19.1;3.8
25.08.2007;18.9;0
26.08.2007;18.4;0
27.08.2007;14.6;0
28.08.2007;14;0
29.08.2007;12.3;0
30.08.2007;13.4;3.8
31.08.2007;14.3;1.4
01.09.2007;14.4;0
02.09.2007;15.7;8.7
03.09.2007;13.2;9.8
04.09.2007;9.2;7.1
05.09.2007;11.5;0
06.09.2007;12;0
07.09.2007;14.2;0
08.09.2007;14.9;0.2
09.09.2007;14;0.6
10.09.2007;11.5;7.3
11.09.2007;13.4;0
12.09.2007;13.7;0
13.09.2007;11.8;0
14.09.2007;13.8;0.2
15.09.2007;12.6;0
16.09.2007;13.9;0
17.09.2007;17.9;2
18.09.2007;11.9;5.4
19.09.2007;9.4;0
20.09.2007;12.2;0
21.09.2007;14.5;0
22.09.2007;15.1;0
23.09.2007;15.8;0
24.09.2007;16.9;0
25.09.2007;12.7;1.8
26.09.2007;11.9;0
27.09.2007;12.7;16.5
28.09.2007;13.4;14.5
29.09.2007;11.6;3.2
30.09.2007;12.7;0
01.10.2007;12.8;2.4
02.10.2007;11.9;0.5
03.10.2007;11;0
04.10.2007;10.9;0.3
05.10.2007;11.9;0
06.10.2007;9.6;0
07.10.2007;9;0
08.10.2007;9;0
09.10.2007;8.8;0
10.10.2007;7.9;0
11.10.2007;9;0.3
12.10.2007;11.2;0
13.10.2007;7.8;0
14.10.2007;6.7;0
15.10.2007;9.1;0
16.10.2007;11.8;0
17.10.2007;13.5;3.1
18.10.2007;8.7;0.2
19.10.2007;5.7;0
20.10.2007;4.9;0
21.10.2007;4.7;0.3
22.10.2007;2.9;0
23.10.2007;4.7;0
24.10.2007;6.7;0
25.10.2007;7.2;0
26.10.2007;7.6;0.1
27.10.2007;7.7;0.9
28.10.2007;5.2;0
29.10.2007;7.3;0.1
30.10.2007;7.9;0.5
31.10.2007;7;0
01.11.2007;9.5;0.2
02.11.2007;11.3;1.6
03.11.2007;10.9;1
04.11.2007;7.3;0
05.11.2007;3;6.1
06.11.2007;5.3;3.3
07.11.2007;6;5.3
08.11.2007;8;6.2
09.11.2007;4.9;2.8
10.11.2007;2.6;5
11.11.2007;1.2;7.9
12.11.2007;1.6;5.5
13.11.2007;1.4;0.4
14.11.2007;1.1;0.2
15.11.2007;1.5;0
16.11.2007;0.1;0.7
17.11.2007;5;1.9
18.11.2007;4.2;0.1
19.11.2007;0.7;0
20.11.2007;0.5;0
21.11.2007;1.3;0
22.11.2007;4.8;0.7
23.11.2007;5.3;2.2
24.11.2007;2;1.6
25.11.2007;3.3;0.4
26.11.2007;1.5;0
27.11.2007;0;0
28.11.2007;0;0
29.11.2007;1.6;3.2
30.11.2007;4.9;2.4
01.12.2007;6.2;6.5
02.12.2007;6.4;3.8
03.12.2007;6.6;5
04.12.2007;5.1;0
05.12.2007;7.4;0.1
06.12.2007;8.9;5.5
07.12.2007;8.9;2.7
08.12.2007;5.6;0
09.12.2007;5.1;0.6
10.12.2007;3.5;0
11.12.2007;3.7;0.5
12.12.2007;5;0.7
13.12.2007;3.4;0
14.12.2007;1.5;0.1
15.12.2007;-1.8;0
16.12.2007;-2.1;0
17.12.2007;0.1;0
18.12.2007;-1.3;0
19.12.2007;-1.3;0
20.12.2007;-3.1;0
21.12.2007;-5.4;0
22.12.2007;-5.5;0
23.12.2007;-3.4;0
24.12.2007;0.3;0
25.12.2007;-0.4;0
26.12.2007;-0.9;0
27.12.2007;0.2;0
28.12.2007;3.1;0
29.12.2007;2;0
30.12.2007;3;1.8
31.12.2007;1.2;0.1
01.01.2008;0;2.1
02.01.2008;-0.9;0
03.01.2008;-4.1;0
04.01.2008;-6.3;0
05.01.2008;-1.5;0.4
06.01.2008;0.8;3
07.01.2008;1.7;5.5
08.01.2008;3.6;0
09.01.2008;2.4;0.5
10.01.2008;3.4;0
11.01.2008;6.9;0
12.01.2008;3.8;0
13.01.2008;2.4;0
14.01.2008;2.7;0
15.01.2008;5.2;0
16.01.2008;6.4;0.5
17.01.2008;5.5;1.7
18.01.2008;6.2;6.7
19.01.2008;8.7;11.6
20.01.2008;8;10.3
21.01.2008;9;18.3
22.01.2008;2.8;0
23.01.2008;2.4;1.2
24.01.2008;6.7;1.5
25.01.2008;5.3;0
26.01.2008;7.6;5.2
27.01.2008;6;6
28.01.2008;5.5;1.8
29.01.2008;5.8;0
30.01.2008;3.8;1.2
31.01.2008;2.4;0.3
01.02.2008;5.3;0
02.02.2008;2.1;1.4
03.02.2008;0.4;0
04.02.2008;2.5;0
05.02.2008;5.1;0.6
06.02.2008;7.4;2.5
07.02.2008;4.5;0
08.02.2008;5.5;0
09.02.2008;7.1;0
10.02.2008;6.6;0
11.02.2008;4.8;0
12.02.2008;4.7;0
13.02.2008;3.8;0
14.02.2008;2.2;0
15.02.2008;-1.2;0
16.02.2008;-2.8;0
17.02.2008;-1.2;0
18.02.2008;3;0.4
19.02.2008;4.1;1.9
20.02.2008;4.8;0
21.02.2008;5.8;0.6
22.02.2008;9.4;0.8
23.02.2008;8;0
24.02.2008;8.3;0.3
25.02.2008;6.2;1.7
26.02.2008;9;0.9
27.02.2008;6.6;0.9
28.02.2008;5.8;0
29.02.2008;5.8;6.2
01.03.2008;6.1;5.2
02.03.2008;6.7;4.7
03.03.2008;5.6;0.2
04.03.2008;2.3;2.8
05.03.2008;0.8;0.4
06.03.2008;4.1;0
07.03.2008;7.6;0.2
08.03.2008;6.9;0.2
09.03.2008;7;0
10.03.2008;9.3;0
11.03.2008;9.1;1.2
12.03.2008;7;2.2
13.03.2008;5.9;3
14.03.2008;5.2;1
15.03.2008;6;0
16.03.2008;4.6;5.8
17.03.2008;3.1;1.3
18.03.2008;1.6;0
19.03.2008;0.8;1.5
20.03.2008;1.7;4.5
21.03.2008;3.3;7
22.03.2008;1.8;1.4
23.03.2008;-0.5;0.1
24.03.2008;0.7;0
25.03.2008;0.5;1.7
26.03.2008;1.4;0.7
27.03.2008;2.4;0
28.03.2008;6.2;2.4
29.03.2008;7.3;0.2
30.03.2008;9.1;0
31.03.2008;10.8;0
01.04.2008;10.7;1
02.04.2008;7.3;4.2
03.04.2008;7.7;1.4
04.04.2008;6.6;0
05.04.2008;6.2;6.2
06.04.2008;4.5;0.1
07.04.2008;3.6;2.2
08.04.2008;5.5;0.1
09.04.2008;3.6;8.2
10.04.2008;3.9;0
11.04.2008;5.7;15.1
12.04.2008;8.6;0
13.04.2008;10;0.1
14.04.2008;9.6;2.4
15.04.2008;6.9;9.3
16.04.2008;6.7;0.4
17.04.2008;4.8;9.5
18.04.2008;6.3;0
19.04.2008;6.3;0
20.04.2008;8.3;0
21.04.2008;11.1;0
22.04.2008;12.1;0
23.04.2008;11.2;0
24.04.2008;13.3;2.6
25.04.2008;11;0
26.04.2008;12.3;0
27.04.2008;14.5;0
28.04.2008;16.3;1.8
29.04.2008;13.7;0.1
30.04.2008;13.5;0
01.05.2008;12.7;2.2
02.05.2008;11.6;0
03.05.2008;12.4;0.4
04.05.2008;13.3;0
05.05.2008;15.1;0
06.05.2008;15.3;0
07.05.2008;16.6;0
08.05.2008;16.8;0
09.05.2008;16.6;0
10.05.2008;17.7;0
11.05.2008;18.3;0
12.05.2008;18.5;0
13.05.2008;14.9;0
14.05.2008;14.9;0
15.05.2008;16.6;0
16.05.2008;15.8;0.3
17.05.2008;15.7;3.2
18.05.2008;11.8;0
19.05.2008;11.1;0
20.05.2008;12.4;0
21.05.2008;12.6;0
22.05.2008;14.2;0.4
23.05.2008;15.5;0
24.05.2008;15.8;0
25.05.2008;16.2;0
26.05.2008;16;0
27.05.2008;15.2;0
28.05.2008;18.3;0
29.05.2008;19.8;0
30.05.2008;22.8;0
31.05.2008;23.8;0
01.06.2008;23.1;0
02.06.2008;24.1;0
03.06.2008;23.4;0
04.06.2008;21.6;0
05.06.2008;20;0
06.06.2008;19.4;0
07.06.2008;21.8;0
08.06.2008;22.1;0
09.06.2008;21.9;0
10.06.2008;21.4;0
11.06.2008;15.9;0
12.06.2008;14.4;7.5
13.06.2008;11.7;6.4
14.06.2008;12.3;0
15.06.2008;12.9;1.3
16.06.2008;13.4;0.2
17.06.2008;15.3;0
18.06.2008;18.8;0
19.06.2008;20;7.2
20.06.2008;17.9;0.4
21.06.2008;17.2;0.2
22.06.2008;22.5;6.7
23.06.2008;18.8;0
24.06.2008;15.6;0
25.06.2008;18.7;0.1
26.06.2008;20.2;0
27.06.2008;17;0.3
28.06.2008;15.7;6.4
29.06.2008;19.8;0
30.06.2008;19.2;0
01.07.2008;20.2;0
02.07.2008;23.7;0
03.07.2008;25.6;1.3
04.07.2008;16.1;20
05.07.2008;18;0
06.07.2008;20.6;0.5
07.07.2008;18.4;0
08.07.2008;17;0.1
09.07.2008;15.8;0.2
10.07.2008;15.6;3.4
11.07.2008;19.3;3.1
12.07.2008;19.1;0
13.07.2008;15.4;1.2
14.07.2008;15.8;0
15.07.2008;18.6;0
16.07.2008;17.1;6.7
17.07.2008;15.5;0.3
18.07.2008;15.9;1.8
19.07.2008;16.5;4.2
20.07.2008;15.7;0.2
21.07.2008;13.6;0.1
22.07.2008;15.4;0
23.07.2008;17.4;0
24.07.2008;19.7;0
25.07.2008;22.7;6.6
26.07.2008;23.5;0
27.07.2008;24.8;0
28.07.2008;25.4;0
29.07.2008;25;0
30.07.2008;21.1;0
31.07.2008;23.6;0
01.08.2008;24.2;7.8
02.08.2008;19.1;0
03.08.2008;21.1;0.3
04.08.2008;18.8;1.6
05.08.2008;18.1;0
06.08.2008;18.8;0
07.08.2008;24.5;0.2
08.08.2008;20.6;0.6
09.08.2008;16.7;0
10.08.2008;16.1;3
11.08.2008;19.9;3.9
12.08.2008;19.4;0.2
13.08.2008;20.4;0
14.08.2008;19.2;0
15.08.2008;14.4;7.8
16.08.2008;15.4;0.1
17.08.2008;18;0
18.08.2008;18.1;0.2
19.08.2008;21.1;0
20.08.2008;18.4;0.3
21.08.2008;18.9;0
22.08.2008;18.7;4.8
23.08.2008;15.2;12.2
24.08.2008;13.5;3.2
25.08.2008;15.2;2.3
26.08.2008;17.6;0
27.08.2008;19;0
28.08.2008;17;1.9
29.08.2008;17.3;0
30.08.2008;15.9;0
31.08.2008;17.2;0
01.09.2008;17.4;4
02.09.2008;17.9;0
03.09.2008;17.1;9.6
04.09.2008;13.6;0.4
05.09.2008;15.4;0.2
06.09.2008;19;18.6
07.09.2008;16.7;0
08.09.2008;15.6;0.1
09.09.2008;16.3;0.1
10.09.2008;17.6;0
11.09.2008;17.8;0
12.09.2008;13.8;0
13.09.2008;11.1;0
14.09.2008;10.6;0
15.09.2008;11.5;0
16.09.2008;9.1;0
17.09.2008;10.4;0
18.09.2008;11.1;0
19.09.2008;10.8;0
20.09.2008;11.8;0.1
21.09.2008;12.2;0.8
22.09.2008;11.2;1.9
23.09.2008;11.6;9
24.09.2008;12.5;0
25.09.2008;11.2;0
26.09.2008;11;0
27.09.2008;11.1;0
28.09.2008;11.7;0.1
29.09.2008;11.4;2.5
30.09.2008;9.8;10
01.10.2008;11;10.1
02.10.2008;10.3;0
03.10.2008;7.8;0
04.10.2008;6;0
05.10.2008;8.1;7.8
06.10.2008;10.8;0.3
07.10.2008;11.6;0
08.10.2008;10.9;0
09.10.2008;11.3;0
10.10.2008;10.7;0
11.10.2008;12.4;0
12.10.2008;11.2;0
13.10.2008;13;0.5
14.10.2008;14;0
15.10.2008;12.3;3.7
16.10.2008;10.8;5.7
17.10.2008;8.2;0
18.10.2008;7.9;0
19.10.2008;10.3;0
20.10.2008;10.7;0
21.10.2008;13.1;1.6
22.10.2008;9;0.1
23.10.2008;7.3;0
24.10.2008;6.3;0
25.10.2008;8.6;0
26.10.2008;10.2;4.6
27.10.2008;9.4;5.8
28.10.2008;6.1;1.7
29.10.2008;5.5;12.9
30.10.2008;3.4;15.8
31.10.2008;4.5;0
01.11.2008;5.5;0
02.11.2008;4.9;0
03.11.2008;7.3;0
04.11.2008;9;0
05.11.2008;9.7;0.7
06.11.2008;10.9;1
07.11.2008;10.6;0
08.11.2008;8.9;0
09.11.2008;9.1;1.6
10.11.2008;12.5;0
11.11.2008;11.5;0
12.11.2008;6.1;0
13.11.2008;5.1;0
14.11.2008;5.4;0
15.11.2008;9.5;0.5
16.11.2008;8;0.6
17.11.2008;3.6;0
18.11.2008;3;4.6
19.11.2008;6.8;1.2
20.11.2008;7;17.1
21.11.2008;1.3;4.1
22.11.2008;-0.5;3.6
23.11.2008;-0.1;0.2
24.11.2008;-1.6;0.5
25.11.2008;0.1;0
26.11.2008;2.2;0.8
27.11.2008;5.1;0.5
28.11.2008;2.2;0
29.11.2008;0.9;0.2
30.11.2008;-0.2;0
01.12.2008;1.7;12.2
02.12.2008;3.5;0
03.12.2008;0.5;5.2
04.12.2008;0.8;0.8
05.12.2008;4.2;0.2
06.12.2008;3.2;0.8
07.12.2008;3.7;1
08.12.2008;3;0
09.12.2008;0;0
10.12.2008;1.2;0.3
11.12.2008;1.2;6.3
12.12.2008;0.3;0
13.12.2008;1.5;0
14.12.2008;3.1;0
15.12.2008;2.6;0
16.12.2008;2.8;0
17.12.2008;2.8;0.1
18.12.2008;1.8;0
19.12.2008;2.6;1.4
20.12.2008;4.4;1.3
21.12.2008;5.1;0.4
22.12.2008;7.5;1.1
23.12.2008;3.8;1.3
24.12.2008;5;4.5
25.12.2008;0.3;0
26.12.2008;-2.5;0
27.12.2008;-1.2;0
28.12.2008;-4;0
29.12.2008;-4.4;0
30.12.2008;-4.8;0
31.12.2008;-5.7;0
01.01.2009;-3.4;0
02.01.2009;-3.1;1.4
03.01.2009;-5.4;0.7
04.01.2009;0.2;8.6
05.01.2009;-5.7;0
06.01.2009;-12.5;0
07.01.2009;-10.4;0.1
08.01.2009;-8.5;0
09.01.2009;-5.7;0
10.01.2009;-2.4;0
11.01.2009;-5.7;0
12.01.2009;-4.5;0
13.01.2009;-1.1;0
14.01.2009;-3.9;0.5
15.01.2009;1.1;0
16.01.2009;-0.4;0
17.01.2009;-0.5;0.5
18.01.2009;2.6;2.5
19.01.2009;2.3;2.7
20.01.2009;3.4;0
21.01.2009;-0.4;0
22.01.2009;-0.2;0
23.01.2009;-0.2;2.9
24.01.2009;2.2;0.8
25.01.2009;1.6;0
26.01.2009;-0.3;0
27.01.2009;0.2;0
28.01.2009;-2.5;0
29.01.2009;-3.1;0
30.01.2009;-1.4;0
31.01.2009;0.1;0.3
01.02.2009;-1.9;0.1
02.02.2009;0.6;0
03.02.2009;1.1;0
04.02.2009;0.7;0.5
05.02.2009;2.4;0
06.02.2009;2.1;0.3
07.02.2009;0.7;0
08.02.2009;1.5;0
09.02.2009;0.6;0.1
10.02.2009;2.1;7.4
11.02.2009;0.1;1.4
12.02.2009;-1.8;0
13.02.2009;-2.4;0
14.02.2009;-3.2;0
15.02.2009;-1.5;4.2
16.02.2009;0;5.9
17.02.2009;-2.6;0
18.02.2009;-3.7;0
19.02.2009;-2.2;2.7
20.02.2009;0.6;2.5
21.02.2009;-0.9;3.6
22.02.2009;2.2;1.8
23.02.2009;2.4;0.7
24.02.2009;1.2;0
25.02.2009;3;1.7
26.02.2009;5.2;7.2
27.02.2009;4.4;0.1
28.02.2009;4.3;1.8
01.03.2009;5.8;0
02.03.2009;6.2;3.9
03.03.2009;4.5;0
04.03.2009;3.5;0
05.03.2009;7.3;3.4
06.03.2009;4.4;2.9
07.03.2009;3.3;0.1
08.03.2009;3.6;1.5
09.03.2009;4.2;1.4
10.03.2009;4.9;1.7
11.03.2009;3.7;0.8
12.03.2009;4.1;7.7
13.03.2009;6.5;0
14.03.2009;7.7;2
15.03.2009;7.1;2.6
16.03.2009;6.6;0.6
17.03.2009;7.5;0
18.03.2009;4.9;0
19.03.2009;4.9;0
20.03.2009;2.3;0
21.03.2009;3.6;0
22.03.2009;6.2;0.5
23.03.2009;5.8;5
24.03.2009;1.2;1.5
25.03.2009;1;0
26.03.2009;4.7;1.4
27.03.2009;6.5;0.2
28.03.2009;5.6;2.6
29.03.2009;6;0
30.03.2009;6.5;0
31.03.2009;8.4;0
01.04.2009;9.7;0
02.04.2009;10.2;0
03.04.2009;13.1;0
04.04.2009;15.8;0
05.04.2009;11;0
06.04.2009;11.3;0
07.04.2009;14.9;0
08.04.2009;13.7;0.2
09.04.2009;13.7;0
10.04.2009;14.4;0
11.04.2009;14.6;0
12.04.2009;12.6;0
13.04.2009;13;0
14.04.2009;13.9;0
15.04.2009;15.1;0
16.04.2009;14.5;0
17.04.2009;13.4;1.4
18.04.2009;10;0.1
19.04.2009;9.3;0
20.04.2009;11.3;0
21.04.2009;12.4;0
22.04.2009;9.4;0.7
23.04.2009;8.6;0
24.04.2009;12.2;0
25.04.2009;14.6;0
26.04.2009;16.2;0
27.04.2009;18.1;0
28.04.2009;18.1;0
29.04.2009;14.8;0
30.04.2009;16.8;0
01.05.2009;14.8;0
02.05.2009;14.1;0
03.05.2009;14.8;2.1
04.05.2009;9.4;0.2
05.05.2009;8.5;6.1
06.05.2009;10.8;2.8
07.05.2009;13.4;0
08.05.2009;14.7;5.3
09.05.2009;12.8;14.4
10.05.2009;14.5;0
11.05.2009;11.4;0.8
12.05.2009;11;0
13.05.2009;12.2;0
14.05.2009;12.3;0
15.05.2009;14.4;2
16.05.2009;13.2;0.4
17.05.2009;16.8;4.4
18.05.2009;16.8;0
19.05.2009;17.7;0.4
20.05.2009;18.2;0
21.05.2009;15.9;9.5
22.05.2009;13.9;0.9
23.05.2009;14.2;0
24.05.2009;18.3;0
25.05.2009;17.3;0
26.05.2009;17.9;20.4
27.05.2009;13.7;0
28.05.2009;13.3;1.3
29.05.2009;13;0
30.05.2009;13.3;11.1
31.05.2009;16;5.6
01.06.2009;16.6;5
02.06.2009;18.3;0
03.06.2009;11.1;1
04.06.2009;9.7;0.6
05.06.2009;10;0
06.06.2009;11;6.8
07.06.2009;11.2;2.3
08.06.2009;14.4;0
09.06.2009;15.5;0.2
10.06.2009;16.6;0
11.06.2009;13.2;13.8
12.06.2009;12;0.5
13.06.2009;14;0
14.06.2009;16;0
15.06.2009;16.8;12.9
16.06.2009;14.4;0
17.06.2009;14.4;0
18.06.2009;17.5;0.1
19.06.2009;15.4;0.5
20.06.2009;14.1;0
21.06.2009;14.2;7.7
22.06.2009;14.3;6
23.06.2009;16.8;0
24.06.2009;18.8;2.8
25.06.2009;16.2;8
26.06.2009;18.7;0
27.06.2009;18.2;0
28.06.2009;17.4;0
29.06.2009;20.1;0
30.06.2009;22.1;0
01.07.2009;22.5;0
02.07.2009;22.1;3.6
03.07.2009;22.7;0
04.07.2009;22.3;0
05.07.2009;20.3;0
06.07.2009;20.2;0
07.07.2009;19.2;0.1
08.07.2009;16.6;6.8
09.07.2009;15.7;1.1
10.07.2009;14;8
11.07.2009;14.5;0
12.07.2009;16.3;2.3
13.07.2009;19.7;0
14.07.2009;21.4;0
15.07.2009;22.9;0
16.07.2009;22.5;0
17.07.2009;22;8.6
18.07.2009;17.1;0.3
19.07.2009;16.8;2.9
20.07.2009;15.6;4.4
21.07.2009;19.3;1.2
22.07.2009;21;0.4
23.07.2009;22.6;0.1
24.07.2009;17.4;13.2
25.07.2009;14.9;7.1
26.07.2009;16.6;0
27.07.2009;21.2;0
28.07.2009;19.4;0
29.07.2009;20.6;0
30.07.2009;19.7;0
31.07.2009;17.4;0
01.08.2009;19.8;0
02.08.2009;23.3;0.1
03.08.2009;17.3;4.6
04.08.2009;18.6;0
05.08.2009;19.8;0
06.08.2009;20.6;0
07.08.2009;22.1;0
08.08.2009;22.6;0
09.08.2009;21.3;0
10.08.2009;21;1.8
11.08.2009;18.1;1.6
12.08.2009;18;1.2
13.08.2009;18;0
14.08.2009;16.4;0
15.08.2009;20.9;0
16.08.2009;24;0
17.08.2009;21.9;0
18.08.2009;18.4;0
19.08.2009;20.4;0
20.08.2009;23.8;0.3
21.08.2009;19.2;13.9
22.08.2009;17.3;0
23.08.2009;17.9;0
24.08.2009;18.7;0
25.08.2009;21.8;0
26.08.2009;21.3;0
27.08.2009;22.4;0
28.08.2009;22.3;0
29.08.2009;16.3;0.4
30.08.2009;15.1;0
31.08.2009;17.7;0
01.09.2009;22.8;6.4
02.09.2009;19.1;2.2
03.09.2009;16.3;14.4
04.09.2009;15.9;3.4
05.09.2009;13.4;1.9
06.09.2009;13.9;0
07.09.2009;15;0
08.09.2009;18.2;0
09.09.2009;18.4;0
10.09.2009;16.7;0
11.09.2009;16.2;0
12.09.2009;15;0.1
13.09.2009;12.2;3.6
14.09.2009;14.7;0
15.09.2009;16.4;0
16.09.2009;16.9;0
17.09.2009;14.6;0
18.09.2009;13.9;0
19.09.2009;15.2;0
20.09.2009;17.2;0
21.09.2009;16.2;0
22.09.2009;16.8;0
23.09.2009;16.1;0
24.09.2009;14.6;0
25.09.2009;13;0
26.09.2009;13.3;0
27.09.2009;15;0
28.09.2009;13.7;0.1
29.09.2009;13.4;3.3
30.09.2009;9.5;0.5
01.10.2009;11.5;11.7
02.10.2009;8.2;2
03.10.2009;10.4;0.7
04.10.2009;12.5;0
05.10.2009;10.1;0.3
06.10.2009;11.3;4.5
07.10.2009;18.1;7.5
08.10.2009;11.7;16.6
09.10.2009;7.9;0
10.10.2009;7.7;9.5
11.10.2009;9.2;6.5
12.10.2009;7.4;4.5
13.10.2009;4.4;1.1
14.10.2009;4.2;0.2
15.10.2009;3.8;5.3
16.10.2009;3.5;4.9
17.10.2009;5.4;0.5
18.10.2009;5.6;0
19.10.2009;4.8;0
20.10.2009;3.9;0
24.10.2009;7.1;0.9
25.10.2009;9.4;1
26.10.2009;9.4;1.4
27.10.2009;10.6;0
28.10.2009;9.8;3.7
29.10.2009;7.5;0.8
30.10.2009;3.3;0
31.10.2009;1.3;0
01.11.2009;1.3;0.5
02.11.2009;4;20.2
03.11.2009;3.9;1.3
04.11.2009;3.6;9.9
05.11.2009;7;0
06.11.2009;7.1;0
07.11.2009;4.5;0
08.11.2009;3.5;1.3
09.11.2009;4.8;4.2
10.11.2009;5.5;0
11.11.2009;4;0.1
12.11.2009;6.6;0.2
13.11.2009;7.8;0.9
14.11.2009;11;0.2
15.11.2009;10;0.4
16.11.2009;7.8;0.3
17.11.2009;10;2.5
18.11.2009;9;0.4
19.11.2009;10.4;0
20.11.2009;9.1;0
21.11.2009;10.9;0
22.11.2009;10.3;0
23.11.2009;9.3;5.9
24.11.2009;9.8;1.5
25.11.2009;11.7;0.1
26.11.2009;8.9;0
27.11.2009;7.5;0.7
28.11.2009;7.2;1.2
29.11.2009;8.6;0.5
30.11.2009;4.4;8.8
01.12.2009;5.1;4.5
02.12.2009;0.3;0
03.12.2009;2.2;0
04.12.2009;0.4;0.3
05.12.2009;1.8;3
06.12.2009;5.5;7
07.12.2009;5.6;0
08.12.2009;3.9;1.2
09.12.2009;4.7;0
10.12.2009;3;15.6
11.12.2009;2.9;0
12.12.2009;0.9;3.7
13.12.2009;-2.5;0
14.12.2009;-1.2;0
15.12.2009;-0.4;0
16.12.2009;-2.7;0.1
17.12.2009;-3.9;0.2
18.12.2009;-10.8;0.6
19.12.2009;-13.2;0.1
20.12.2009;-12.1;2.1
21.12.2009;-3.6;0.2
22.12.2009;-0.7;7.5
23.12.2009;0.1;0.6
24.12.2009;0;2.5
25.12.2009;2.9;2
26.12.2009;3.3;0
27.12.2009;0.6;0.4
28.12.2009;1.4;2.6
29.12.2009;-1.1;1.5
30.12.2009;-1.3;10.7
31.12.2009;-1.6;4.9
01.01.2010;-2.1;2.3
02.01.2010;-2.7;1.7
03.01.2010;-4.6;0
04.01.2010;-6.6;0
05.01.2010;-7.3;0
06.01.2010;-7.7;0
07.01.2010;-7;0.3
08.01.2010;-7.4;1.5
09.01.2010;-2.9;8.6
10.01.2010;-3.8;2.7
11.01.2010;-4.5;0
12.01.2010;-4.1;0
13.01.2010;-3;0
14.01.2010;-2.5;0
15.01.2010;-3.2;0
16.01.2010;-2.8;0
17.01.2010;-2;2.2
18.01.2010;0;1.2
19.01.2010;0.7;2.8
20.01.2010;-2.9;0.3
21.01.2010;-7.5;0
22.01.2010;-7.8;0
23.01.2010;-10.6;0
24.01.2010;-12.3;0
25.01.2010;-10.8;0
26.01.2010;-12.9;0
27.01.2010;-10.3;4.5
28.01.2010;0.1;5.3
29.01.2010;0;5.4
30.01.2010;-3;0.3
31.01.2010;-4.8;0.2
01.02.2010;-1.3;0.8
02.02.2010;-2;7.3
03.02.2010;0.6;0.2
04.02.2010;-0.5;2
05.02.2010;0;0
06.02.2010;-1.4;0
07.02.2010;-4.9;0
08.02.2010;-4.6;0
09.02.2010;-5;0
10.02.2010;-5.7;0.6
11.02.2010;-3.6;4.1
12.02.2010;-1.4;2.2
13.02.2010;-3.1;0.5
14.02.2010;-3.2;0
15.02.2010;-3.1;0
16.02.2010;-2.2;0
17.02.2010;-3.6;0
18.02.2010;0.8;0.1
19.02.2010;2.1;0.9
20.02.2010;1.4;0
21.02.2010;-0.7;0
22.02.2010;1.6;3
23.02.2010;2.5;0.1
24.02.2010;0.2;2
25.02.2010;5;0
26.02.2010;5.5;0.2
27.02.2010;5;0.1
28.02.2010;5.9;4.5
01.03.2010;4.1;0.7
02.03.2010;2;0.1
03.03.2010;0.9;0.2
04.03.2010;-1.6;0.5
05.03.2010;-2.4;0
06.03.2010;-2.3;0
07.03.2010;-2;0
08.03.2010;-1.1;0
09.03.2010;-1.7;0
10.03.2010;-0.8;0
11.03.2010;-3;0.5
12.03.2010;1.6;3.6
13.03.2010;3.2;1.9
14.03.2010;3.2;8.7
15.03.2010;0.4;3.1
16.03.2010;1.7;0.1
17.03.2010;5.1;0
18.03.2010;9.4;0
19.03.2010;11.4;0.2
20.03.2010;12.2;2.7
21.03.2010;10.1;3.5
22.03.2010;8.1;0
23.03.2010;9.6;0
24.03.2010;9.6;0
25.03.2010;12.8;0
26.03.2010;15.3;9
27.03.2010;7.3;3.7
28.03.2010;7.4;1.5
29.03.2010;7.4;0.1
30.03.2010;9.6;0.5
31.03.2010;9.5;0
01.04.2010;6.4;0
02.04.2010;6.3;0
03.04.2010;7.5;0.3
04.04.2010;10;0.5
05.04.2010;6.7;0.7
06.04.2010;8.1;0
07.04.2010;9.2;0
08.04.2010;11.3;0
09.04.2010;8.4;0
10.04.2010;7.7;0.1
11.04.2010;5.9;0.1
12.04.2010;8.9;0
13.04.2010;8.7;0
14.04.2010;7.3;0.3
15.04.2010;8.3;0.5
16.04.2010;7.6;0
17.04.2010;8.3;0
18.04.2010;13.1;0
19.04.2010;9.4;0
20.04.2010;8.6;1.1
21.04.2010;5.5;0.8
22.04.2010;6.1;0
23.04.2010;7.7;0
24.04.2010;10.7;0
25.04.2010;14;0
26.04.2010;11.8;3.1
27.04.2010;11.5;0
28.04.2010;14;0
29.04.2010;18.2;0
30.04.2010;18.2;0.2
01.05.2010;13.2;0.7
02.05.2010;11.5;9
03.05.2010;8.9;5.6
04.05.2010;7.6;0
05.05.2010;7.7;0.9
06.05.2010;6.8;9.6
07.05.2010;9;0
08.05.2010;10;0
09.05.2010;11.9;1.2
10.05.2010;8.9;0.1
11.05.2010;9.1;0.4
12.05.2010;12.5;0
13.05.2010;8.8;0
14.05.2010;8.9;9.4
15.05.2010;6.6;9.1
16.05.2010;10.9;0
17.05.2010;11.6;0
18.05.2010;10.1;8
19.05.2010;10.8;6.1
20.05.2010;13.9;0
21.05.2010;15.1;0
22.05.2010;15;0
23.05.2010;17;0
24.05.2010;15;2
25.05.2010;11.8;0
26.05.2010;10.9;4
27.05.2010;11.5;0.3
28.05.2010;12.6;0.4
29.05.2010;13.7;0.4
30.05.2010;14;4.9
31.05.2010;10.5;13.8
01.06.2010;9.7;1
02.06.2010;12.1;0
03.06.2010;17.1;0
04.06.2010;15.8;0
05.06.2010;19;0
06.06.2010;21.8;1.2
07.06.2010;18.2;0
08.06.2010;18.9;0
09.06.2010;22.8;0
10.06.2010;24.4;0
11.06.2010;23.5;0
12.06.2010;15.2;1.1
13.06.2010;12.9;0
14.06.2010;15.4;0
15.06.2010;15.4;0
16.06.2010;16.1;0
17.06.2010;18.4;0
18.06.2010;17.1;0
19.06.2010;12.9;0
20.06.2010;13.2;0
21.06.2010;13.4;3.4
22.06.2010;15.5;0
23.06.2010;16.9;0
24.06.2010;19.9;0
25.06.2010;21.1;0
26.06.2010;19.4;0
27.06.2010;19.5;0
28.06.2010;22.3;0
29.06.2010;24.4;0
30.06.2010;22.3;0
01.07.2010;22.5;0
02.07.2010;25.1;0
03.07.2010;26.3;0
04.07.2010;25;0
05.07.2010;24.3;0.2
06.07.2010;18.6;0
07.07.2010;18.2;0
08.07.2010;23.1;0
09.07.2010;26.7;0
10.07.2010;28.8;0
11.07.2010;29;0
12.07.2010;29.2;2
13.07.2010;23.4;0.1
14.07.2010;26.5;0
15.07.2010;24.8;0
16.07.2010;26.7;0
17.07.2010;23;1.8
18.07.2010;19.1;0
19.07.2010;20.6;0
20.07.2010;22.4;0
21.07.2010;25.9;0
22.07.2010;24.7;33.4
23.07.2010;18;1
24.07.2010;18;0.2
25.07.2010;17.6;0
26.07.2010;18.6;0
27.07.2010;20.6;0
28.07.2010;18.6;0.6
29.07.2010;17.5;0
30.07.2010;17.8;0
31.07.2010;20.2;0
01.08.2010;23.5;0.1
02.08.2010;21.2;2.7
03.08.2010;16.7;8.8
04.08.2010;17.9;0
05.08.2010;19.9;0
06.08.2010;18.6;10.2
07.08.2010;19.6;0
08.08.2010;20.2;0
09.08.2010;19.2;0
10.08.2010;20.6;0
11.08.2010;20.3;0
12.08.2010;18.4;8.4
13.08.2010;19.5;2.4
14.08.2010;16.3;6.1
15.08.2010;19.2;7.8
16.08.2010;18.3;0.8
17.08.2010;16.4;5.8
18.08.2010;16.6;0.5
19.08.2010;17.2;0
20.08.2010;19.2;0
21.08.2010;23;0
22.08.2010;23.1;3.1
23.08.2010;19.7;5
24.08.2010;18.8;0.1
25.08.2010;16.4;0.9
26.08.2010;15;8.4
27.08.2010;16.3;2.2
28.08.2010;13.2;6.4
29.08.2010;12.1;17
30.08.2010;12;0
31.08.2010;14;0.2
01.09.2010;13.5;0
02.09.2010;12.9;0.5
03.09.2010;12.5;0
04.09.2010;11.9;4.1
05.09.2010;12.3;0
06.09.2010;11.8;0
07.09.2010;12.7;0
08.09.2010;14.5;1.2
09.09.2010;14;2.5
10.09.2010;15.3;5.7
11.09.2010;16.2;0
12.09.2010;17.6;0
13.09.2010;14.8;6.6
14.09.2010;12.9;16.7
15.09.2010;13.9;3.5
16.09.2010;12.7;0.2
17.09.2010;11.8;4.5
18.09.2010;11.1;0
19.09.2010;11.3;0
20.09.2010;14;0
21.09.2010;14.2;0
22.09.2010;13.7;0
23.09.2010;15.7;0
24.09.2010;17.6;0.1
25.09.2010;12.5;23.6
26.09.2010;10.2;39.1
27.09.2010;12.5;13.7
28.09.2010;10.5;0.6
29.09.2010;9.3;0
30.09.2010;8;0
01.10.2010;7.2;0
02.10.2010;8.4;0
03.10.2010;11.6;0
04.10.2010;12.3;0
05.10.2010;13.4;0
06.10.2010;14.1;0
07.10.2010;13.5;0
08.10.2010;11.5;0
09.10.2010;9.1;0
10.10.2010;7.7;0
11.10.2010;5.3;0
12.10.2010;5.4;0
13.10.2010;6.9;0
14.10.2010;6.8;0
15.10.2010;8.5;4.1
16.10.2010;6.5;5.7
17.10.2010;5.8;0
18.10.2010;4.4;0.2
19.10.2010;4.9;2.6
20.10.2010;6.1;3.3
21.10.2010;4.5;0.9
22.10.2010;6.1;0
23.10.2010;6.1;0.1
24.10.2010;8.1;0.7
25.10.2010;4.7;0
26.10.2010;4.7;0
27.10.2010;6.3;0.2
28.10.2010;8.6;0
29.10.2010;8.7;0
30.10.2010;10;0
31.10.2010;7.5;0
01.11.2010;6.9;0
02.11.2010;7.7;0
03.11.2010;10.7;9
04.11.2010;12.7;2.6
05.11.2010;13.3;13.5
06.11.2010;7.7;2.6
07.11.2010;3.3;1.7
08.11.2010;2.7;1.2
09.11.2010;2.9;0
10.11.2010;4.9;3.3
11.11.2010;5.4;5.6
12.11.2010;8.5;2.6
13.11.2010;9.7;4.2
14.11.2010;12.9;0
15.11.2010;10.2;3.8
16.11.2010;5.3;16.7
17.11.2010;3.7;0.2
18.11.2010;5.4;7.5
19.11.2010;5.2;0
20.11.2010;5.8;0
21.11.2010;3.2;0.9
22.11.2010;4;7.4
23.11.2010;2.9;4.3
24.11.2010;0.5;0.5
27.11.2010;-3;0
28.11.2010;-3.1;0
29.11.2010;-1.6;0
30.11.2010;-4.4;0
01.12.2010;-9;7
02.12.2010;-10;1
03.12.2010;-8.4;0
04.12.2010;-7;0.4
05.12.2010;-1.4;0.5
06.12.2010;-0.2;0
07.12.2010;-3.3;0.3
08.12.2010;-2.4;9.5
09.12.2010;-1.8;0.8
10.12.2010;-2.5;6.4
11.12.2010;3.1;4.8
12.12.2010;0.3;0.6
13.12.2010;-3.8;0.7
14.12.2010;-2.4;5.3
15.12.2010;-3.9;1.1
16.12.2010;-5;3.4
17.12.2010;-4;3.4
18.12.2010;-8;0
19.12.2010;-10.2;6.3
20.12.2010;-6;1.2
21.12.2010;-8.1;0
22.12.2010;-3.7;1.9
23.12.2010;-0.1;0.4
24.12.2010;-0.8;10
25.12.2010;-5.4;1.3
26.12.2010;-7.7;1.5
27.12.2010;-3.8;4.8
28.12.2010;-6.8;0
29.12.2010;-9.3;0
30.12.2010;-9.7;0.6
31.12.2010;0.3;0.1
01.01.2011;2;0.1
02.01.2011;-0.3;0
03.01.2011;-2.5;0.9
04.01.2011;-2.5;0
05.01.2011;-6.6;0
06.01.2011;-0.2;5.7
07.01.2011;3.5;1
08.01.2011;6.1;0.1
09.01.2011;4.8;1.2
10.01.2011;0.7;0
11.01.2011;-0.2;0.6
12.01.2011;3.2;3.9
13.01.2011;4.7;7.2
14.01.2011;9.1;5.7
15.01.2011;7.7;1
16.01.2011;7.4;0
17.01.2011;4.2;0
18.01.2011;4.9;1.6
19.01.2011;2.4;0.7
20.01.2011;0.8;0
21.01.2011;-0.9;0.2
22.01.2011;-0.9;0
23.01.2011;0.3;2.1
24.01.2011;0.6;0.9
25.01.2011;1.8;2.4
26.01.2011;0.2;1
27.01.2011;-1.6;0
28.01.2011;-2.4;0
29.01.2011;-3.2;0
30.01.2011;-3.6;0.1
31.01.2011;-6.3;0
01.02.2011;-5;0.3
02.02.2011;-0.7;0
03.02.2011;1.1;0.6
04.02.2011;4.1;1.3
05.02.2011;9.2;7.9
06.02.2011;8.8;1.4
07.02.2011;7.3;0
08.02.2011;5.6;0
09.02.2011;0.9;0
10.02.2011;2.4;4.4
11.02.2011;4.2;2.5
12.02.2011;-0.6;0
13.02.2011;-0.2;0
14.02.2011;-0.5;0
15.02.2011;-1.5;0
16.02.2011;-0.6;0
17.02.2011;-1.5;0
18.02.2011;-2;0
19.02.2011;-2.7;0
20.02.2011;-4.4;0
21.02.2011;-6.3;0
22.02.2011;-8.6;0
23.02.2011;-9.3;0
24.02.2011;-5.9;0
25.02.2011;-4.9;0
26.02.2011;-2.4;0
27.02.2011;-0.2;0
28.02.2011;3.5;0
01.03.2011;0.5;0
02.03.2011;0.3;0
03.03.2011;0.7;0
04.03.2011;-0.2;0
05.03.2011;-0.5;0
06.03.2011;0.1;0
07.03.2011;-0.8;0
08.03.2011;1.8;0
09.03.2011;6.5;0
10.03.2011;7.3;0.8
11.03.2011;6.5;0
12.03.2011;6.7;0
13.03.2011;10.3;1
14.03.2011;8.8;1.7
15.03.2011;8.5;0
16.03.2011;4.6;1.4
17.03.2011;3.8;10.6
18.03.2011;3.1;0
19.03.2011;4.8;0
20.03.2011;2.5;0
21.03.2011;6.2;0
22.03.2011;8.9;0
23.03.2011;7.5;0
24.03.2011;9;0
25.03.2011;7.9;0.2
26.03.2011;4.5;0.8
27.03.2011;2.3;0
28.03.2011;4.2;0
29.03.2011;6.3;0
30.03.2011;10;0.1
31.03.2011;11.6;0.8
01.04.2011;13.7;0
02.04.2011;15.6;0
03.04.2011;16.2;6.8
04.04.2011;10;5.4
05.04.2011;10.3;0
06.04.2011;12.2;0
07.04.2011;13.7;0.1
08.04.2011;9.6;0
09.04.2011;9.5;0
10.04.2011;10.8;0
11.04.2011;14.3;0
12.04.2011;9;2
13.04.2011;5.5;9.9
14.04.2011;6.5;0.4
15.04.2011;8.9;0
16.04.2011;10.8;0
17.04.2011;12.6;0
18.04.2011;13.5;0
19.04.2011;14.4;0
20.04.2011;14.9;0
21.04.2011;16.2;0
22.04.2011;17.2;0
23.04.2011;17.6;0
24.04.2011;15.8;0
25.04.2011;12.9;0
26.04.2011;12.8;12.1
27.04.2011;14.4;0.3
28.04.2011;16.3;0
29.04.2011;16.3;0.9
30.04.2011;12.9;0
01.05.2011;10.2;0
02.05.2011;6.7;0
03.05.2011;7.5;0
04.05.2011;7.4;0
05.05.2011;9;0
06.05.2011;13.4;0
07.05.2011;15.5;0
08.05.2011;15;0
09.05.2011;16.8;0
10.05.2011;19.3;0
11.05.2011;18.6;4.7
12.05.2011;15.9;3
13.05.2011;13.3;0
14.05.2011;14.4;0.4
15.05.2011;11.2;0
16.05.2011;10.8;1.4
17.05.2011;14.1;0.2
18.05.2011;17.3;0
19.05.2011;18.8;0.2
20.05.2011;17.8;0.9
21.05.2011;18;0
22.05.2011;19.6;1.2
23.05.2011;16.4;0
24.05.2011;15.7;0
25.05.2011;14;0
26.05.2011;18.5;0
27.05.2011;16;0
28.05.2011;14.2;0.1
29.05.2011;17.5;0
30.05.2011;23;0
31.05.2011;21;5.4
01.06.2011;14.4;0
02.06.2011;16.5;0
03.06.2011;19.4;0
04.06.2011;22;0
05.06.2011;24.8;0
06.06.2011;22.8;3.5
07.06.2011;20.2;1.4
08.06.2011;18.6;10.2
09.06.2011;16.6;0
10.06.2011;16.6;0
11.06.2011;16.7;6.6
12.06.2011;17;0
13.06.2011;19.2;0
14.06.2011;18.8;1.4
15.06.2011;19.5;0.1
16.06.2011;21.9;0.3
17.06.2011;18.2;0.8
18.06.2011;16.4;1.6
19.06.2011;13.8;5.3
20.06.2011;14.8;1.3
21.06.2011;16.8;0.1
22.06.2011;19.3;8.9
23.06.2011;17;0.5
24.06.2011;13.9;4.9
25.06.2011;14.6;0.1
26.06.2011;16.8;0
27.06.2011;20.3;0
28.06.2011;21.3;0
29.06.2011;23;0
30.06.2011;15;0.5
01.07.2011;15;0
02.07.2011;11.8;20.3
03.07.2011;15;2.1
04.07.2011;15.4;18.3
05.07.2011;19.2;0
06.07.2011;20.7;4.6
07.07.2011;20.7;2.2
08.07.2011;20;0
09.07.2011;21.7;0
10.07.2011;21.4;13.5
11.07.2011;18;0.3
12.07.2011;20.9;0.1
13.07.2011;20.9;7.5
14.07.2011;17.4;0
15.07.2011;15.2;0
16.07.2011;18.7;0
17.07.2011;19.1;14.3
18.07.2011;17.3;0
19.07.2011;18.3;0
20.07.2011;19.1;0
21.07.2011;16.3;17.9
22.07.2011;12.9;9.6
23.07.2011;14.5;0
24.07.2011;14.3;0
25.07.2011;14.1;0
26.07.2011;18;0
27.07.2011;19.5;0
28.07.2011;17.9;2.6
29.07.2011;14.3;57.3
30.07.2011;15;21.2
31.07.2011;14.9;1.1
01.08.2011;17.7;0.2
02.08.2011;19.4;0
03.08.2011;20.7;0
04.08.2011;19.2;15.5
05.08.2011;19.6;1.8
06.08.2011;22.5;0.4
07.08.2011;19.1;0.3
08.08.2011;15.8;4.7
09.08.2011;15.5;0.9
10.08.2011;14.8;0.1
11.08.2011;18.4;1.3
12.08.2011;17.5;2.1
13.08.2011;18.3;0
14.08.2011;19.3;9.6
15.08.2011;17.5;0.6
16.08.2011;16.5;0
17.08.2011;19;0
18.08.2011;21.5;1.1
19.08.2011;19;0
20.08.2011;16.9;0
21.08.2011;19.5;0
22.08.2011;21.4;0
23.08.2011;18.1;2
24.08.2011;21.1;21.3
25.08.2011;20.9;0
26.08.2011;24.4;0
27.08.2011;16.9;5.1
28.08.2011;15;0
29.08.2011;14;0.3
30.08.2011;13.3;0.2
31.08.2011;14;0
01.09.2011;14.8;0
02.09.2011;16.4;0
03.09.2011;19.6;0
04.09.2011;21;5.2
05.09.2011;17.7;0.8
06.09.2011;16.2;3.8
07.09.2011;15.2;1.1
08.09.2011;13.1;13.7
09.09.2011;13.7;7.6
10.09.2011;18.2;0
11.09.2011;20.7;12.5
12.09.2011;17.7;0
13.09.2011;17.9;0
14.09.2011;15;0
15.09.2011;13.7;0
16.09.2011;11.9;0
17.09.2011;15.9;2.8
18.09.2011;14.7;8.7
19.09.2011;13;0
20.09.2011;13.7;0
21.09.2011;14.5;0
22.09.2011;14.8;0
23.09.2011;12.4;0
24.09.2011;13.5;0
25.09.2011;15.1;0
26.09.2011;17.8;0
27.09.2011;16;3.1
28.09.2011;15.1;0
29.09.2011;17;0
30.09.2011;18.4;0
01.10.2011;18.6;0
02.10.2011;18.2;0
03.10.2011;17.2;0
04.10.2011;18.2;0
05.10.2011;16.1;0.1
06.10.2011;14.6;6.8
07.10.2011;9.2;0.9
12.10.2011;9.8;0
13.10.2011;7.8;0
14.10.2011;5.7;0
15.10.2011;5.5;0
16.10.2011;5.9;0
17.10.2011;7.6;0
18.10.2011;8.6;1.4
19.10.2011;8;0
20.10.2011;5.6;0
21.10.2011;5.3;0
22.10.2011;4.2;0
23.10.2011;4.1;0
24.10.2011;6.2;0
25.10.2011;9.2;0.2
26.10.2011;9.9;0.4
27.10.2011;9.5;0
28.10.2011;10.9;0
29.10.2011;10;0
30.10.2011;11.1;0
31.10.2011;11.1;0
01.11.2011;9.6;0
02.11.2011;7.7;0
03.11.2011;6.9;0
04.11.2011;6.5;0
05.11.2011;6.7;0
06.11.2011;8.4;0
07.11.2011;8;0
08.11.2011;6.5;0
09.11.2011;4.6;0
10.11.2011;3.1;0
11.11.2011;1.1;0
12.11.2011;0.4;0
13.11.2011;1.6;0
14.11.2011;0.5;0
15.11.2011;1;0
16.11.2011;2;0
17.11.2011;-0.8;0
18.11.2011;1.2;0
19.11.2011;5.8;0
20.11.2011;5.5;0
21.11.2011;1.6;0
22.11.2011;1.1;0
23.11.2011;0.2;0
24.11.2011;4.2;0
25.11.2011;4.9;0.1
26.11.2011;6.4;0
27.11.2011;8.5;1.7
28.11.2011;5.2;0
29.11.2011;2.7;0
30.11.2011;5.3;0
01.12.2011;4.4;0.7
02.12.2011;8;0.8
03.12.2011;4.4;3.5
04.12.2011;6.3;1.3
05.12.2011;3.9;2.9
06.12.2011;3.1;0.2
07.12.2011;3.1;9.5
08.12.2011;4.5;1.8
09.12.2011;5.6;0.2
10.12.2011;2.9;0
11.12.2011;1.1;0
12.12.2011;3.3;1
13.12.2011;4.3;3.1
14.12.2011;5.6;7.8
15.12.2011;4.2;0.4
16.12.2011;2.9;20.5
17.12.2011;3;0.5
18.12.2011;2.7;0.2
19.12.2011;2;0.1
20.12.2011;0.8;2.2
21.12.2011;2.4;0.4
22.12.2011;3;1.5
23.12.2011;7.2;1.2
24.12.2011;5.1;3.4
25.12.2011;4.5;0.7
26.12.2011;8.8;0.2
27.12.2011;8.5;0
28.12.2011;6;0
29.12.2011;5.1;2.1
30.12.2011;3;4.3
31.12.2011;2.2;0.5
01.01.2012;6.9;2
02.01.2012;8.6;5.4
03.01.2012;5.1;3
04.01.2012;5.2;5.3
05.01.2012;4.3;4.8
06.01.2012;1.9;0
07.01.2012;4.1;3.2
08.01.2012;4.3;1.7
09.01.2012;3.6;3.4
10.01.2012;5.3;0
11.01.2012;6.8;0.2
12.01.2012;7.3;1.1
13.01.2012;2.8;0
14.01.2012;1.4;0
15.01.2012;-1.1;0
16.01.2012;0.4;1.7
17.01.2012;2.3;0.1
18.01.2012;0.8;4.6
19.01.2012;3.7;8.8
20.01.2012;1.8;0.7
21.01.2012;2.2;3.4
22.01.2012;3.9;3.2
23.01.2012;0.9;3.3
24.01.2012;0.3;0
25.01.2012;-2.3;0
26.01.2012;-3.4;0
27.01.2012;-3.2;0
28.01.2012;-4.6;1.4
29.01.2012;-5.4;0
30.01.2012;-6.4;0
31.01.2012;-8.4;0
01.02.2012;-9.3;0
02.02.2012;-11.5;0.5
03.02.2012;-9.9;0.1
04.02.2012;-12;0
05.02.2012;-12.8;0
06.02.2012;-15.1;0
07.02.2012;-11.5;0
08.02.2012;-7.4;0.4
09.02.2012;-5.3;0.8
10.02.2012;-9.7;0
11.02.2012;-8.4;0
12.02.2012;-8.2;0
13.02.2012;-2.1;0
14.02.2012;-1.3;3.2
15.02.2012;1.9;0
16.02.2012;0.6;7.3
17.02.2012;4.1;0.5
18.02.2012;4.5;1.9
19.02.2012;3.1;0.5
20.02.2012;0.5;0
21.02.2012;1.2;6.8
22.02.2012;5.9;2
23.02.2012;7;0.5
24.02.2012;9.4;2.6
25.02.2012;5.4;1.2
26.02.2012;3.4;0.3
27.02.2012;1.2;3.2
28.02.2012;7.2;1.6
29.02.2012;9.3;0.9
01.03.2012;8.9;0.2
02.03.2012;6.1;0
03.03.2012;3.3;0
04.03.2012;3.3;0
05.03.2012;2.7;0
06.03.2012;0.4;0
07.03.2012;1.7;0.9
08.03.2012;3.9;1.8
09.03.2012;4.8;0
10.03.2012;8.2;0.2
11.03.2012;7.4;0.2
12.03.2012;7.5;0.2
13.03.2012;7.1;0
14.03.2012;7.1;0
15.03.2012;6.6;0
16.03.2012;10.8;0
17.03.2012;12.3;0
18.03.2012;9.6;0.4
19.03.2012;6.7;0
20.03.2012;7.6;0.1
21.03.2012;10.1;0
22.03.2012;11.8;0
23.03.2012;11.5;0
24.03.2012;12;0
25.03.2012;7.8;0
26.03.2012;8.8;0
27.03.2012;10.1;0
28.03.2012;12.1;0
29.03.2012;7.9;0.1
30.03.2012;7.8;1.2
31.03.2012;5.1;3.3
01.04.2012;4.8;0.5
02.04.2012;5.5;0
03.04.2012;8;2.8
04.04.2012;4.7;4.2
05.04.2012;4.1;0
06.04.2012;3.7;2.1
07.04.2012;2.4;1.3
08.04.2012;2.1;0
09.04.2012;5.6;0
10.04.2012;11.9;0
11.04.2012;9.8;0
12.04.2012;7.9;2.6
13.04.2012;7;0.2
14.04.2012;8.2;0
15.04.2012;8.9;0
16.04.2012;6.4;0
17.04.2012;5.2;0
18.04.2012;8.5;0
19.04.2012;11.3;0
20.04.2012;12;0.7
21.04.2012;10.8;0.7
22.04.2012;9.2;0
23.04.2012;9.2;0
24.04.2012;10.5;2.6
25.04.2012;11.4;0
26.04.2012;14.8;0
27.04.2012;17.2;0
28.04.2012;21.3;0
29.04.2012;21.4;0
30.04.2012;17.6;0
01.05.2012;18.8;0
02.05.2012;20.6;4
03.05.2012;16.2;1.6
04.05.2012;16;0
05.05.2012;9.7;7.9
06.05.2012;7.3;0.3
07.05.2012;9.9;0
08.05.2012;14.2;0
09.05.2012;16.3;0.2
10.05.2012;20.1;0.6
11.05.2012;20.6;8.8
12.05.2012;10.4;0
13.05.2012;7.9;0
14.05.2012;11;0
15.05.2012;11.4;1
16.05.2012;9.1;0
17.05.2012;8.6;0
18.05.2012;11.6;0
19.05.2012;16.2;0
20.05.2012;20.4;0
21.05.2012;22;0
22.05.2012;24;0
23.05.2012;23.2;0
24.05.2012;19.2;0
25.05.2012;17.1;0
26.05.2012;17.7;0
27.05.2012;19;0
28.05.2012;19.6;0
29.05.2012;16.9;0
30.05.2012;13.2;0
31.05.2012;13.4;17.1
01.06.2012;11.8;0.1
02.06.2012;10.5;0
03.06.2012;9.8;6.7
04.06.2012;11.3;12
05.06.2012;10.9;0
06.06.2012;11.7;0.9
07.06.2012;16.3;1.2
08.06.2012;19.3;0
09.06.2012;17.2;0
10.06.2012;16.2;0
11.06.2012;17.1;1.5
12.06.2012;16.6;0.3
13.06.2012;15.6;0
14.06.2012;13.6;0
15.06.2012;17.4;2.7
16.06.2012;17.2;8.2
17.06.2012;18.2;0
18.06.2012;21.1;9
19.06.2012;18.2;14
20.06.2012;15.3;7.8
21.06.2012;14.4;0
22.06.2012;18.7;0
23.06.2012;17.3;0
24.06.2012;17.3;6.8
25.06.2012;14;9.5
26.06.2012;14;0
27.06.2012;13.8;5.4
28.06.2012;19;0
29.06.2012;23.6;0.2
30.06.2012;23;11.6
05.07.2012;21.4;10.8
06.07.2012;22.1;9.7
07.07.2012;19.1;45.5
08.07.2012;20;0.9
09.07.2012;18.9;1.9
10.07.2012;19.5;0
11.07.2012;16.9;5.1
12.07.2012;14;3.9
13.07.2012;13.8;3.3
14.07.2012;15.7;16.1
15.07.2012;15.5;2
16.07.2012;14.5;7.6
17.07.2012;15.2;5.6
18.07.2012;16.5;9.1
19.07.2012;15.8;3
20.07.2012;15.3;0
21.07.2012;14.3;0
22.07.2012;15.6;0
23.07.2012;18.8;0
24.07.2012;21.5;0
25.07.2012;24.5;0
26.07.2012;24.8;0
27.07.2012;24.3;1.8
28.07.2012;22.4;10.8
29.07.2012;17.8;8.6
30.07.2012;17.1;0.3
31.07.2012;17.2;0
01.08.2012;20.1;0
02.08.2012;21.8;0.6
03.08.2012;19.1;1
04.08.2012;21.1;0
05.08.2012;18.7;6.7
06.08.2012;20;0
07.08.2012;17.8;0
08.08.2012;16.8;0.9
09.08.2012;15.9;0
10.08.2012;14.7;3.5
11.08.2012;15.7;0
12.08.2012;15.8;0
13.08.2012;16.4;0
14.08.2012;17.6;0
15.08.2012;17.3;0
16.08.2012;16.9;1.6
17.08.2012;18.8;0
18.08.2012;20.9;0
19.08.2012;25.9;0
20.08.2012;27.3;0
21.08.2012;22;9.7
22.08.2012;20;0
23.08.2012;18.3;0.5
24.08.2012;16;2
25.08.2012;19.1;0
26.08.2012;17.9;1
27.08.2012;16.2;0
28.08.2012;17;0.2
29.08.2012;19.9;0
30.08.2012;19.3;9.1
31.08.2012;16.2;0.1
01.09.2012;15;0
02.09.2012;15.6;0
03.09.2012;17.3;0
04.09.2012;17.7;0
05.09.2012;16;0.1
06.09.2012;14.5;0
07.09.2012;15.6;6.4
08.09.2012;16.5;2.7
09.09.2012;18.1;0
10.09.2012;21.4;0
11.09.2012;20.5;0.5
12.09.2012;13.3;0
13.09.2012;12.2;0
14.09.2012;14.1;1.1
15.09.2012;14.2;0.2
16.09.2012;15.8;0
17.09.2012;16.3;0
18.09.2012;17.1;3.8
19.09.2012;11.7;0
20.09.2012;10.1;0
21.09.2012;11.8;0.3
22.09.2012;11.2;0.1
23.09.2012;10.3;0.4
24.09.2012;12.9;3.2
25.09.2012;15.1;4.5
26.09.2012;16.3;5.4
27.09.2012;13.9;5.8
28.09.2012;13.1;0
29.09.2012;12.3;0
30.09.2012;11.1;0
01.10.2012;11.7;0
02.10.2012;12.7;0
03.10.2012;14.6;0
04.10.2012;12.8;7.8
05.10.2012;10.9;4.9
06.10.2012;11.2;7.3
07.10.2012;8.5;0.3
08.10.2012;8.8;0
09.10.2012;7.2;0
10.10.2012;6.7;1.4
11.10.2012;7.7;0
12.10.2012;7.4;3.5
13.10.2012;9.3;0.4
14.10.2012;8.6;1.2
15.10.2012;8.6;0
16.10.2012;7.8;0.2
17.10.2012;10.1;0
18.10.2012;13.4;0
19.10.2012;13.8;0
20.10.2012;14.7;0
21.10.2012;14.6;0
22.10.2012;12.7;0.4
23.10.2012;11.3;0
24.10.2012;11.2;0.1
25.10.2012;9.4;0.4
26.10.2012;3.5;0
27.10.2012;3;0
28.10.2012;1.4;0
29.10.2012;1.8;1.2
30.10.2012;3.2;3.1
31.10.2012;3.7;0
01.11.2012;4.7;2.3
02.11.2012;6.8;3
03.11.2012;6.4;0.8
04.11.2012;7;5.1
05.11.2012;7.3;0.3
06.11.2012;5.3;2.5
07.11.2012;8.6;0.4
08.11.2012;8.6;0.4
09.11.2012;8.4;0
10.11.2012;6.9;3.2
11.11.2012;8.8;0
12.11.2012;6.2;0
13.11.2012;4.2;0
14.11.2012;1.9;0
15.11.2012;-1.8;0
16.11.2012;-0.2;0
17.11.2012;0.5;0
18.11.2012;3.4;1.1
19.11.2012;5.8;0
20.11.2012;4.5;0
21.11.2012;5.3;0
22.11.2012;5.6;0
23.11.2012;3.1;3.9
24.11.2012;6.2;1.1
25.11.2012;7.4;0.1
26.11.2012;6.3;1.5
27.11.2012;7.5;1.7
28.11.2012;5.8;4.8
29.11.2012;3.6;16.7
30.11.2012;1.2;0.2
01.12.2012;-0.3;0.2
02.12.2012;-0.2;0
03.12.2012;-0.2;2
04.12.2012;1.8;2.2
05.12.2012;-2.2;0.2
06.12.2012;-3.5;2.2
07.12.2012;-5.4;0
08.12.2012;-5.8;0.4
09.12.2012;-2.6;9.4
10.12.2012;-0.7;1.7
11.12.2012;-2.6;0
12.12.2012;-4.6;0
13.12.2012;-3.6;0.3
14.12.2012;-2.5;6.3
15.12.2012;2.3;1.2
16.12.2012;3.7;0.7
17.12.2012;3.2;0.8
18.12.2012;2.4;4.7
19.12.2012;1.7;0
20.12.2012;0.9;0
21.12.2012;-2.9;0
22.12.2012;-3.1;3
23.12.2012;-0.5;9.9
24.12.2012;6.3;0
25.12.2012;8.6;1.4
26.12.2012;6.2;1.5
27.12.2012;5.9;0.4
28.12.2012;-0.7;0
29.12.2012;5.2;0
30.12.2012;5.9;0.3
31.12.2012;7.1;0
01.01.2013;6.2;1.5
02.01.2013;4.4;2.3
03.01.2013;6.8;0.9
04.01.2013;7.7;15.5
05.01.2013;6.8;1.3
06.01.2013;6.1;5.9
07.01.2013;4.3;6.6
08.01.2013;5.5;3.4
09.01.2013;6.3;7.2
10.01.2013;2.5;3.9
11.01.2013;-1.1;0
12.01.2013;-2;0.3
13.01.2013;-2.8;0
14.01.2013;-4.9;0.6
15.01.2013;-4.5;0.1
16.01.2013;-4;0
17.01.2013;-1.3;0
18.01.2013;-3.4;0
19.01.2013;-6.7;0
20.01.2013;-5.2;0.9
21.01.2013;-4.7;4.3
22.01.2013;-7.3;0
23.01.2013;-7;0
24.01.2013;-5.7;0
25.01.2013;-7.6;0
26.01.2013;-9.5;0.3
27.01.2013;-1.2;3.7
28.01.2013;1.9;2.1
29.01.2013;4;9.7
30.01.2013;8.1;5.4
31.01.2013;6.4;0
01.02.2013;5.5;8.3
02.02.2013;0.9;2.3
03.02.2013;-0.3;4.2
04.02.2013;2.8;2
05.02.2013;2.4;0.3
06.02.2013;0.4;0.1
07.02.2013;0.2;2
08.02.2013;-0.9;2.8
09.02.2013;-1.4;0.9
10.02.2013;-4.3;0
11.02.2013;-3.2;0
12.02.2013;-1;0.5
13.02.2013;-1.8;0
14.02.2013;-1.4;0
15.02.2013;-0.3;0
16.02.2013;1;0
17.02.2013;0.9;0
18.02.2013;0.2;6.9
19.02.2013;0.1;1.6
20.02.2013;-1.3;0.2
21.02.2013;-3;0
22.02.2013;-3;0
23.02.2013;-2.6;4.1
24.02.2013;0.4;3.8
25.02.2013;1.5;0
26.02.2013;0.8;0
27.02.2013;1.2;0
28.02.2013;1.7;0.2
01.03.2013;1.8;0
02.03.2013;0.8;0.1
03.03.2013;2;0
04.03.2013;2.5;0
05.03.2013;4.1;0
06.03.2013;5.2;0
07.03.2013;5.6;0.4
08.03.2013;0.6;0.1
09.03.2013;0;5.5
10.03.2013;-2.7;4.5
11.03.2013;-1.7976931348623157e+508;0.8
12.03.2013;-4;0.1
13.03.2013;-3.8;0
14.03.2013;-3.7;0
15.03.2013;-3.1;0
16.03.2013;-1.9;0
17.03.2013;-0.1;0
18.03.2013;-0.2;5.7
19.03.2013;-1.6;5.6
20.03.2013;-1.1;5.9
21.03.2013;-1.2;0.9
22.03.2013;-2.3;0
23.03.2013;-6.2;0
24.03.2013;-5.1;0
25.03.2013;-2.8;0
26.03.2013;-1.6;0
27.03.2013;-0.7;0
28.03.2013;-0.2;1
29.03.2013;-0.1;4.6
30.03.2013;0.3;0
31.03.2013;0.2;0.1
01.04.2013;-0.3;0
02.04.2013;-0.2;0
03.04.2013;0.8;0
04.04.2013;1.3;0
05.04.2013;1.6;0
06.04.2013;1.9;0
07.04.2013;3.3;0
08.04.2013;4.5;0
09.04.2013;4.6;0
10.04.2013;5.7;0
11.04.2013;8.9;7
12.04.2013;10.2;3
13.04.2013;9.9;0
14.04.2013;11.5;0
15.04.2013;16.2;1.2
16.04.2013;15.4;0
17.04.2013;16.5;0
18.04.2013;17.4;0
19.04.2013;12.4;0
20.04.2013;8.1;0
21.04.2013;11.1;0
22.04.2013;12.3;0
23.04.2013;12.9;0
24.04.2013;13.6;0
25.04.2013;16;0
26.04.2013;17.8;13.2
27.04.2013;7.4;1
28.04.2013;9.2;0
29.04.2013;11.2;0
30.04.2013;10.9;0
01.05.2013;11.7;0
02.05.2013;12.3;0
03.05.2013;12.8;0
04.05.2013;13.3;0
05.05.2013;15.2;0
06.05.2013;16.6;0
07.05.2013;17.6;15.3
08.05.2013;17.8;0
09.05.2013;16.6;1.1
10.05.2013;15.1;0
11.05.2013;13;2.3
12.05.2013;10.7;3.2
13.05.2013;10.7;0.2
14.05.2013;12.1;0.5
15.05.2013;17.4;0.5
16.05.2013;19.8;0
17.05.2013;21.3;0
18.05.2013;13.7;8.6
19.05.2013;15;0
20.05.2013;14.3;0
21.05.2013;12.9;0
22.05.2013;9.5;5.5
23.05.2013;9.4;0
24.05.2013;10.3;0
25.05.2013;8.8;37.5
26.05.2013;10.8;3.1
27.05.2013;11.6;0
28.05.2013;12.3;10
29.05.2013;13.4;5
30.05.2013;15.1;9.1
31.05.2013;15.6;12.4
01.06.2013;16.3;3.9
02.06.2013;12;3.3
03.06.2013;13.3;0
04.06.2013;13.9;0
05.06.2013;15.2;0
06.06.2013;16.8;0
07.06.2013;18.7;0
08.06.2013;19;8.7
09.06.2013;18.3;0.6
10.06.2013;17.1;0
11.06.2013;17.6;0
12.06.2013;19.4;0
13.06.2013;21.4;14.3
14.06.2013;15.5;0
15.06.2013;17.9;0
16.06.2013;17;0
17.06.2013;20.2;0
18.06.2013;23.5;0
19.06.2013;26.5;0
20.06.2013;25.8;18.9
21.06.2013;20.1;0.1
22.06.2013;19.8;0
23.06.2013;19;0
24.06.2013;17.3;1.9
25.06.2013;12.7;29.1
26.06.2013;12.4;0
27.06.2013;13.2;1.2
28.06.2013;14.6;0.6
29.06.2013;14.4;2.1
30.06.2013;12.4;0.1
01.07.2013;18.3;9.5
02.07.2013;18;0
03.07.2013;20.8;0
04.07.2013;19.2;0.1
05.07.2013;19.9;0
06.07.2013;18.8;0
07.07.2013;19.2;0
08.07.2013;20.5;0
09.07.2013;21.3;0
10.07.2013;18;0
11.07.2013;17;0
12.07.2013;17.1;0
13.07.2013;18.8;0
14.07.2013;16.1;0
15.07.2013;17.1;0
16.07.2013;19.8;0
17.07.2013;21.5;0
18.07.2013;21.9;0
19.07.2013;21.1;0
20.07.2013;21.4;0
21.07.2013;22.1;0
22.07.2013;24.3;0
23.07.2013;23.1;0
24.07.2013;22.6;0
25.07.2013;24.5;0
26.07.2013;26.1;0.2
27.07.2013;27;0.1
28.07.2013;27.3;1.6
29.07.2013;20.9;9
30.07.2013;19.7;0.7
31.07.2013;19.9;0.2
01.08.2013;22.6;0
02.08.2013;26.5;0
03.08.2013;25.6;0.5
04.08.2013;21.9;2.4
05.08.2013;21.2;0
06.08.2013;23.8;19.7
07.08.2013;21;8.8
08.08.2013;20.5;6
09.08.2013;17.1;0
10.08.2013;17.7;2.5
11.08.2013;16.3;0.1
12.08.2013;16.6;2.5
13.08.2013;15.6;0.4
14.08.2013;14.6;0.1
15.08.2013;17.1;0
16.08.2013;21.2;0
17.08.2013;20.3;0.1
18.08.2013;19.6;1.3
19.08.2013;17.8;1.3
20.08.2013;16.5;0
21.08.2013;16.6;0
22.08.2013;17.6;0
23.08.2013;18.2;0
24.08.2013;18.2;0
25.08.2013;19;0
26.08.2013;17.8;0
27.08.2013;16.6;0
28.08.2013;17.5;0
29.08.2013;18;0
30.08.2013;19.5;0
31.08.2013;18.2;0.2
01.09.2013;14.2;0
02.09.2013;14.5;4.4
03.09.2013;16.6;2.2
04.09.2013;16.7;0
05.09.2013;17.6;0
06.09.2013;18.3;0
07.09.2013;18.7;0
08.09.2013;18.1;5.6
09.09.2013;13.3;11.8
10.09.2013;11.6;9.1
11.09.2013;11.3;0.9
12.09.2013;12.8;0
13.09.2013;14.7;0
14.09.2013;15.7;0
15.09.2013;14.6;0.3
16.09.2013;12.8;0.4
17.09.2013;10.6;0.1
18.09.2013;9.4;4.2
19.09.2013;10.5;1.3
20.09.2013;12.1;6
21.09.2013;13.4;0
22.09.2013;14;0
27.09.2013;9.4;0
28.09.2013;9.5;0
29.09.2013;8.5;0
30.09.2013;8.5;0
01.10.2013;7.8;0
02.10.2013;6.8;0
03.10.2013;6.3;0
04.10.2013;7.8;0
05.10.2013;10;0.9
06.10.2013;12;0.2
07.10.2013;13.7;0
08.10.2013;12.4;0
09.10.2013;12.5;2
10.10.2013;9.5;6.4
11.10.2013;12.5;14.9
12.10.2013;11.5;32.2
13.10.2013;7.5;0
14.10.2013;8.8;0
15.10.2013;10;5.9
16.10.2013;8.1;0.5
17.10.2013;10.5;3.2
18.10.2013;8.8;0.1
19.10.2013;7.5;0.2
20.10.2013;14.9;0
21.10.2013;14.2;0
22.10.2013;14.5;0
23.10.2013;15.8;0
24.10.2013;12.9;0.4
25.10.2013;11.6;1.1
26.10.2013;15.2;5.5
27.10.2013;15;3
28.10.2013;14.5;1
29.10.2013;11.3;0
30.10.2013;8.1;0.1
31.10.2013;6.4;0
01.11.2013;8.2;1
02.11.2013;9.9;3.8
03.11.2013;9;2
04.11.2013;8.3;4.4
05.11.2013;7;1.9
06.11.2013;6.6;7.6
07.11.2013;10.5;5.1
08.11.2013;8.7;2.6
09.11.2013;8.4;0.2
10.11.2013;5.7;0
11.11.2013;5;0
12.11.2013;4.1;0.7
13.11.2013;6;0
14.11.2013;3.5;0
15.11.2013;3.6;0
16.11.2013;2.1;0
17.11.2013;4.9;0.1
18.11.2013;5.1;0
19.11.2013;6.2;3.6
20.11.2013;4.2;8.9
21.11.2013;3.3;4.4
22.11.2013;4.1;1.1
23.11.2013;5.9;0
24.11.2013;2.3;0.4
25.11.2013;-0.4;0
26.11.2013;-1.2;0
27.11.2013;0.1;0.9
28.11.2013;6.2;0
29.11.2013;4.9;5.5
30.11.2013;4;1.2
01.12.2013;5.4;0
02.12.2013;1;0
03.12.2013;-0.3;0
04.12.2013;0.8;1.5
05.12.2013;2.4;5.1
06.12.2013;0.7;4.1
07.12.2013;0.8;0.3
08.12.2013;3.6;4.8
09.12.2013;8.2;6.3
10.12.2013;8.3;0.9
11.12.2013;5.8;0
12.12.2013;2.7;0
13.12.2013;0.1;0
14.12.2013;1;0
15.12.2013;3.5;0.7
16.12.2013;4.4;0
17.12.2013;5.3;0
18.12.2013;2.8;0
19.12.2013;3.6;0.6
20.12.2013;3.8;0
21.12.2013;4;3
22.12.2013;7.6;2.9
23.12.2013;6;0
24.12.2013;8.4;0
25.12.2013;7.8;4.8
26.12.2013;5.9;3.1
27.12.2013;6;0
28.12.2013;7.9;7.5
29.12.2013;5.1;1.2
30.12.2013;1.8;0
31.12.2013;0.8;0
01.01.2014;0.8;0
02.01.2014;3.7;0.1
03.01.2014;5.9;0.1
04.01.2014;5.7;0
05.01.2014;4.8;0.1
06.01.2014;4.5;10.3
07.01.2014;8.4;2
08.01.2014;7.6;1.5
09.01.2014;8.1;0.8
10.01.2014;6.1;0.1
11.01.2014;4.8;2.1
12.01.2014;3.6;0
13.01.2014;1.5;0
14.01.2014;3.9;0
15.01.2014;3.2;0.1
16.01.2014;2.5;6.6
17.01.2014;5.5;0
18.01.2014;3.3;0
19.01.2014;0.7;0
20.01.2014;-2.3;0.6
21.01.2014;-2.8;3.5
22.01.2014;-4.8;0.1
23.01.2014;-5;0.5
24.01.2014;-6.9;0.7
25.01.2014;-12.3;0
26.01.2014;-11.5;0.1
27.01.2014;-4.1;2.8
28.01.2014;-3.3;0
29.01.2014;-6.2;0.1
30.01.2014;-4.9;0
31.01.2014;-2;0
01.02.2014;1.3;0
02.02.2014;2.1;1.6
03.02.2014;1.3;0
04.02.2014;1;0
05.02.2014;0.7;0
06.02.2014;4.4;0.6
07.02.2014;7.4;0
08.02.2014;6.2;1.2
09.02.2014;5.6;0
10.02.2014;4;0
11.02.2014;4.3;0
12.02.2014;3.9;0
13.02.2014;5.1;2.3
14.02.2014;4.7;0
15.02.2014;8;0
16.02.2014;6.9;0
17.02.2014;5.1;0
18.02.2014;4.3;0
19.02.2014;5.5;0
20.02.2014;6.6;0
21.02.2014;6.7;2
22.02.2014;5;0
23.02.2014;5.6;0
24.02.2014;5.6;0
25.02.2014;6;0
26.02.2014;7.2;0
27.02.2014;6.9;0.1
28.02.2014;4.7;0.1
01.03.2014;4.5;0
02.03.2014;5;0
03.03.2014;4.9;0
04.03.2014;5.7;3.9
05.03.2014;6.3;0
06.03.2014;5.9;0
07.03.2014;3.7;0
08.03.2014;7;0
09.03.2014;8.7;0
10.03.2014;9.3;0
11.03.2014;8.3;0
12.03.2014;7.5;0
13.03.2014;9.6;0
14.03.2014;7.2;0.9
15.03.2014;8.4;2.7
16.03.2014;9.1;0.3
17.03.2014;9.7;0.2
18.03.2014;9.7;3.3
19.03.2014;8.9;1.7
20.03.2014;13;0
21.03.2014;14;0.2
22.03.2014;7.7;2.5
23.03.2014;6.8;0
24.03.2014;4.8;5.4
25.03.2014;3.7;2.1
26.03.2014;6;0
27.03.2014;7.4;0
28.03.2014;6.5;0
29.03.2014;9.4;0
30.03.2014;12.3;0
31.03.2014;11;0
01.04.2014;9.8;0.1
02.04.2014;12;0
03.04.2014;14.1;0
04.04.2014;10.2;0
05.04.2014;10.4;0.2
06.04.2014;12.6;1.2
07.04.2014;15.3;0
08.04.2014;12.6;4.8
09.04.2014;8.4;1.4
10.04.2014;7.8;0
11.04.2014;9.2;1.1
12.04.2014;10.7;1
13.04.2014;11.1;2.4
14.04.2014;7.6;1.3
15.04.2014;6.8;0.8
16.04.2014;7.4;0
17.04.2014;8.9;3.4
18.04.2014;7.8;0.7
19.04.2014;12.1;0
20.04.2014;15.5;0.9
21.04.2014;13.8;0.5
22.04.2014;14.9;0.1
23.04.2014;15.2;0
24.04.2014;13.1;0
25.04.2014;16.4;0
26.04.2014;16.3;0
27.04.2014;14.6;0
28.04.2014;15.9;0
29.04.2014;16.1;0
30.04.2014;16.8;0
01.05.2014;14.5;10.5
02.05.2014;5.4;6.6
03.05.2014;8.3;0
04.05.2014;4.7976931348623157e+478;kpopihhgj78
05.05.2014;9.6;0
06.05.2014;13.1;0.1
07.05.2014;14.1;0
08.05.2014;12.6;4.5
09.05.2014;12.9;7
10.05.2014;12.3;5.3
11.05.2014;11.6;0.6
12.05.2014;10.9;2.2
13.05.2014;11.2;0.2
14.05.2014;9.5;1.6
15.05.2014;10.9;0
16.05.2014;13.3;0
17.05.2014;14;5.8
18.05.2014;11;8.4
19.05.2014;14.2;0
23.05.2014;18.9;0.3
24.05.2014;17.9;0
25.05.2014;18.7;0
26.05.2014;20;0
27.05.2014;15.5;14.3
28.05.2014;10;19.9
29.05.2014;8.6;0
30.05.2014;12.9;0
31.05.2014;14.4;0
01.06.2014;13.1;0
02.06.2014;15.2;0
03.06.2014;16.1;0
04.06.2014;17.9;0.4
05.06.2014;15.5;1.8
06.06.2014;18;0
07.06.2014;22.5;0
08.06.2014;26.3;2.4
09.06.2014;24.6;0.2
10.06.2014;24.9;0
11.06.2014;21.4;3.1
12.06.2014;17.9;0
13.06.2014;15.4;0.3
14.06.2014;14.6;11.3
15.06.2014;15.5;0
16.06.2014;15.9;0
17.06.2014;17.5;0
18.06.2014;17.5;0
19.06.2014;15.1;0.2
20.06.2014;14.8;0.1
21.06.2014;13.7;1.6
22.06.2014;14.6;0.2
23.06.2014;14.2;0
24.06.2014;13.7;22.2
25.06.2014;12.1;11.9
26.06.2014;14;0
27.06.2014;17.5;0.7
28.06.2014;18.4;0.1
29.06.2014;16.3;0.5
30.06.2014;15.7;0.3
01.07.2014;15.4;0
02.07.2014;15.4;0
03.07.2014;18.4;0
04.07.2014;23.4;0
05.07.2014;22.6;0
06.07.2014;23.7;0
07.07.2014;21.5;17.9
08.07.2014;19.7;17
09.07.2014;19.7;13.4
10.07.2014;20.9;0.6
11.07.2014;20.2;0.2
12.07.2014;16.1;3.3
13.07.2014;16.4;8.7
14.07.2014;19.3;0.2
15.07.2014;21;0
16.07.2014;21.3;0
17.07.2014;22.8;0
18.07.2014;23.2;0
19.07.2014;25.5;0
20.07.2014;26.7;0
21.07.2014;24.9;0
22.07.2014;24;0
23.07.2014;23;0
24.07.2014;18.6;9.7
25.07.2014;18.5;15.1
26.07.2014;21.9;0
27.07.2014;22.9;1.1
28.07.2014;22.9;9.7
29.07.2014;21.9;49.4
30.07.2014;20.5;0.7
31.07.2014;19.7;0
01.08.2014;21.1;0
02.08.2014;23.2;5
03.08.2014;22.5;2
04.08.2014;19.5;0.9
05.08.2014;19.3;0
06.08.2014;19.8;0
07.08.2014;19.4;0
08.08.2014;20.3;0
09.08.2014;20.7;0
10.08.2014;21;3.3
11.08.2014;18.7;0
12.08.2014;16.5;1.3
13.08.2014;18.4;5.4
14.08.2014;17.3;0
15.08.2014;15.5;1.5
16.08.2014;15;0.9
17.08.2014;16.2;0
18.08.2014;16.5;0.2
19.08.2014;14.6;2.2
20.08.2014;13.2;0
21.08.2014;13.4;0.3
22.08.2014;15.4;0
23.08.2014;15;0
24.08.2014;12.8;0.6
25.08.2014;13.2;0.2
26.08.2014;13.4;0
27.08.2014;14.4;0
28.08.2014;16.5;0
29.08.2014;16.4;0.1
30.08.2014;17.2;1.5
31.08.2014;15.8;0
01.09.2014;14.4;5.2
02.09.2014;15.7;0.1
03.09.2014;16.3;0
04.09.2014;17.8;0
05.09.2014;19.3;0
06.09.2014;19.9;0.4
07.09.2014;20.2;0
08.09.2014;18.5;0
09.09.2014;15.6;0
10.09.2014;14.3;10
11.09.2014;13.9;0.3
12.09.2014;16;0.2
13.09.2014;17.1;0.1
14.09.2014;16.6;3.1
15.09.2014;18.6;0
16.09.2014;18.3;0
17.09.2014;18.1;0
18.09.2014;17.5;0
19.09.2014;15.2;1.3
20.09.2014;16.6;3.3
21.09.2014;15.3;0.5
22.09.2014;11.2;4
23.09.2014;10.4;0
24.09.2014;10.7;0
25.09.2014;13;0.6
26.09.2014;14.1;1.3
27.09.2014;13.8;0
28.09.2014;14.2;0
29.09.2014;17.2;0.2
30.09.2014;16.6;0
01.10.2014;15.4;0
02.10.2014;16.3;0
03.10.2014;13.9;0
04.10.2014;12.5;0
05.10.2014;12.2;0
06.10.2014;13.4;0
07.10.2014;13;0.7
08.10.2014;14.1;4.3
09.10.2014;17.1;1.5
10.10.2014;14.9;2.7
11.10.2014;14.2;9.3
12.10.2014;13.5;0.1
13.10.2014;14.9;0.1
14.10.2014;14.8;1.1
15.10.2014;13.9;0
16.10.2014;11.5;4.1
17.10.2014;13.3;0
18.10.2014;13.6;0
19.10.2014;15.5;1.2
20.10.2014;13.5;2.9
21.10.2014;12;6.7
22.10.2014;9.4;9.5
23.10.2014;10.9;0
24.10.2014;8;0
25.10.2014;7.9;0.6
26.10.2014;10.7;0
27.10.2014;10.4;0
28.10.2014;6.2;0
29.10.2014;5.6;0.7
30.10.2014;8.2;0
31.10.2014;10.9;0
01.11.2014;12.8;0
02.11.2014;11.7;0.3
03.11.2014;12.6;0
04.11.2014;10.3;0
05.11.2014;9.6;0.1
06.11.2014;9;0
07.11.2014;7.2;0
08.11.2014;8;0
09.11.2014;5.9;0
10.11.2014;7.9;0.4
11.11.2014;7.8;0
12.11.2014;9.8;0
13.11.2014;10.1;0.2
14.11.2014;9.6;0
15.11.2014;9.5;0
16.11.2014;8.7;0.1
17.11.2014;7.3;0.9
18.11.2014;6.5;2.3
19.11.2014;3.9;1.1
20.11.2014;4.7;0
21.11.2014;5.6;0
22.11.2014;5;0
23.11.2014;4.7;0
24.11.2014;5.4;3.4
25.11.2014;3.5;0.2
26.11.2014;3.6;0
27.11.2014;1.8;0
28.11.2014;0.8;0
29.11.2014;-1;0
30.11.2014;-1.5;0
01.12.2014;-2.8;0
02.12.2014;-2.9;0
03.12.2014;-1.3;0
04.12.2014;1.8;0
05.12.2014;2.3;0.2
06.12.2014;3.2;0
07.12.2014;2.4;3.1
08.12.2014;2.7;0
09.12.2014;-0.2;0
10.12.2014;1.1;1.4
11.12.2014;2.9;3.7
12.12.2014;6.2;3.5
13.12.2014;4.8;0
14.12.2014;3;0
15.12.2014;3.6;0.6
16.12.2014;3.7;0.3
17.12.2014;2.1;1.8
18.12.2014;8.6;3.4
19.12.2014;9.6;2.9
20.12.2014;4.8;9.3
21.12.2014;5.2;1.5
22.12.2014;9.2;5.2
23.12.2014;10.3;0.5
24.12.2014;7.8;4.3
25.12.2014;3.8;2.4
26.12.2014;-1;2.5
27.12.2014;-4.9;0
28.12.2014;-5.7;7.1
29.12.2014;-3.6;0.1
30.12.2014;-1.7;1.1
31.12.2014;2.1;1.4
01.01.2015;2.6;0.1
02.01.2015;4.8;1.5
03.01.2015;4.1;0.1
04.01.2015;3.3;0.5
05.01.2015;3;1.6
06.01.2015;1.4;0
07.01.2015;1.8;0.5
08.01.2015;3.4;9
09.01.2015;6.1;14
10.01.2015;8.6;3.4
11.01.2015;3;4.9
12.01.2015;5.3;2.4
13.01.2015;9.4;3.4
14.01.2015;5.5;0.2
15.01.2015;4.9;1.1
16.01.2015;7.1;3.4
17.01.2015;2.8;0
18.01.2015;-0.1;0
19.01.2015;-1;0
20.01.2015;0.5;2.2
21.01.2015;0.1;0
22.01.2015;-0.3;0.2
23.01.2015;-0.1;0
24.01.2015;-0.4;0.1
25.01.2015;0.6;0
26.01.2015;2.1;6.9
27.01.2015;2.7;0.9
28.01.2015;3.1;3.8
29.01.2015;1.6;4.1
30.01.2015;0.5;5
31.01.2015;0.1;1.4
01.02.2015;0.2;0
02.02.2015;0.4;0.3
03.02.2015;-0.3;4.6
04.02.2015;-1.4;0
05.02.2015;-1.5;0
06.02.2015;-3.9;0
07.02.2015;-1.6;0
08.02.2015;1.2;1.9
09.02.2015;3.6;0.9
10.02.2015;4.6;0
11.02.2015;4.5;0
12.02.2015;0.8;0
13.02.2015;0.8;0
14.02.2015;0.2;0
15.02.2015;1.9;0
16.02.2015;0.4;0
17.02.2015;0.5;0
18.02.2015;2.7;0
19.02.2015;1.8;0
20.02.2015;3;0
21.02.2015;5.3;0.1
22.02.2015;1.7;0
23.02.2015;1.6;4.3
24.02.2015;2.9;0
25.02.2015;3.2;0
26.02.2015;3.1;0
27.02.2015;3.6;0.9
28.02.2015;3.4;0
01.03.2015;3.7;2.9
02.03.2015;4.7;1.9
03.03.2015;4.2;1.4
04.03.2015;3.1;1.4
05.03.2015;3.6;0.1
06.03.2015;4.4;0
07.03.2015;7.6;0
08.03.2015;10.9;0
09.03.2015;8.8;0
10.03.2015;6.1;0.6
11.03.2015;4.3;0.3
12.03.2015;2.4;0
13.03.2015;2;0.3
14.03.2015;4;1.3
15.03.2015;5.6;0.1
16.03.2015;8.4;0
17.03.2015;10.2;0
18.03.2015;8.1;0
19.03.2015;6.7;0
20.03.2015;6.9;0
21.03.2015;2.7;3.2
22.03.2015;1.1;0
23.03.2015;4.7;0
24.03.2015;7.7;0
25.03.2015;9.5;0
26.03.2015;7.2;0.9
27.03.2015;6.9;1.2
30.03.2015;5.9;7.8
31.03.2015;5.6;3
01.04.2015;4.3;2
02.04.2015;3.2;0.6
03.04.2015;4.1;0
04.04.2015;4;0
15.04.1915;7;9.7976931348623157e+701
06.04.2015;5.4;0
07.04.2015;6.8;0
08.04.2015;8.2;0
09.04.2015;10.5;0
10.04.2015;13.4;0
11.04.2015;14.4;2.4
12.04.2015;9.9;0
13.04.2015;9.3;0
14.04.2015;9.8;0
15.04.2015;16;0
16.04.2015;10.4;0
17.04.2015;7;9.7976931348623157e+701
22.04.2015;8.8;0
23.04.2015;11.5;0
24.04.2015;13.8;0
25.04.2015;15.6;1
26.04.2015;13.2;3.8
27.04.2015;9.8;0.9
28.04.2015;7.7;1
29.04.2015;8.7;0
30.04.2015;9.7;6.9